protein,stability,steps,algorithm
PPCHHPPCHPPPPCHHHHCHHPPHHPPPPHHPPHPP,-1,1,Climbing_fold
PPCHHPPCHPPPPCHHHHCHHPPHHPPPPHHPPHPP,-1,2,Climbing_fold
PPCHHPPCHPPPPCHHHHCHHPPHHPPPPHHPPHPP,-1,3,Climbing_fold
PPCHHPPCHPPPPCHHHHCHHPPHHPPPPHHPPHPP,-1,4,Climbing_fold
PPCHHPPCHPPPPCHHHHCHHPPHHPPPPHHPPHPP,-1,5,Climbing_fold
PPCHHPPCHPPPPCHHHHCHHPPHHPPPPHHPPHPP,-1,6,Climbing_fold
PPCHHPPCHPPPPCHHHHCHHPPHHPPPPHHPPHPP,-1,7,Climbing_fold
PPCHHPPCHPPPPCHHHHCHHPPHHPPPPHHPPHPP,-1,8,Climbing_fold
PPCHHPPCHPPPPCHHHHCHHPPHHPPPPHHPPHPP,-1,9,Climbing_fold
PPCHHPPCHPPPPCHHHHCHHPPHHPPPPHHPPHPP,-1,10,Climbing_fold
PPCHHPPCHPPPPCHHHHCHHPPHHPPPPHHPPHPP,-1,11,Climbing_fold
PPCHHPPCHPPPPCHHHHCHHPPHHPPPPHHPPHPP,-1,12,Climbing_fold
PPCHHPPCHPPPPCHHHHCHHPPHHPPPPHHPPHPP,-1,13,Climbing_fold
PPCHHPPCHPPPPCHHHHCHHPPHHPPPPHHPPHPP,-1,14,Climbing_fold
PPCHHPPCHPPPPCHHHHCHHPPHHPPPPHHPPHPP,-1,15,Climbing_fold
PPCHHPPCHPPPPCHHHHCHHPPHHPPPPHHPPHPP,-1,16,Climbing_fold
PPCHHPPCHPPPPCHHHHCHHPPHHPPPPHHPPHPP,-1,17,Climbing_fold
PPCHHPPCHPPPPCHHHHCHHPPHHPPPPHHPPHPP,-1,18,Climbing_fold
PPCHHPPCHPPPPCHHHHCHHPPHHPPPPHHPPHPP,-1,19,Climbing_fold
PPCHHPPCHPPPPCHHHHCHHPPHHPPPPHHPPHPP,-1,20,Climbing_fold
PPCHHPPCHPPPPCHHHHCHHPPHHPPPPHHPPHPP,-1,21,Climbing_fold
PPCHHPPCHPPPPCHHHHCHHPPHHPPPPHHPPHPP,-1,22,Climbing_fold
PPCHHPPCHPPPPCHHHHCHHPPHHPPPPHHPPHPP,-1,23,Climbing_fold
PPCHHPPCHPPPPCHHHHCHHPPHHPPPPHHPPHPP,-1,24,Climbing_fold
PPCHHPPCHPPPPCHHHHCHHPPHHPPPPHHPPHPP,-1,25,Climbing_fold
PPCHHPPCHPPPPCHHHHCHHPPHHPPPPHHPPHPP,-1,26,Climbing_fold
PPCHHPPCHPPPPCHHHHCHHPPHHPPPPHHPPHPP,-1,27,Climbing_fold
PPCHHPPCHPPPPCHHHHCHHPPHHPPPPHHPPHPP,-1,28,Climbing_fold
PPCHHPPCHPPPPCHHHHCHHPPHHPPPPHHPPHPP,-1,29,Climbing_fold
PPCHHPPCHPPPPCHHHHCHHPPHHPPPPHHPPHPP,-1,30,Climbing_fold
PPCHHPPCHPPPPCHHHHCHHPPHHPPPPHHPPHPP,-1,31,Climbing_fold
PPCHHPPCHPPPPCHHHHCHHPPHHPPPPHHPPHPP,-1,32,Climbing_fold
PPCHHPPCHPPPPCHHHHCHHPPHHPPPPHHPPHPP,-1,33,Climbing_fold
PPCHHPPCHPPPPCHHHHCHHPPHHPPPPHHPPHPP,-1,34,Climbing_fold
PPCHHPPCHPPPPCHHHHCHHPPHHPPPPHHPPHPP,-1,35,Climbing_fold
PPCHHPPCHPPPPCHHHHCHHPPHHPPPPHHPPHPP,-1,36,Climbing_fold
PPCHHPPCHPPPPCHHHHCHHPPHHPPPPHHPPHPP,-1,37,Climbing_fold
PPCHHPPCHPPPPCHHHHCHHPPHHPPPPHHPPHPP,-1,38,Climbing_fold
PPCHHPPCHPPPPCHHHHCHHPPHHPPPPHHPPHPP,-1,39,Climbing_fold
PPCHHPPCHPPPPCHHHHCHHPPHHPPPPHHPPHPP,-1,40,Climbing_fold
PPCHHPPCHPPPPCHHHHCHHPPHHPPPPHHPPHPP,-1,41,Climbing_fold
PPCHHPPCHPPPPCHHHHCHHPPHHPPPPHHPPHPP,-1,42,Climbing_fold
PPCHHPPCHPPPPCHHHHCHHPPHHPPPPHHPPHPP,-1,43,Climbing_fold
PPCHHPPCHPPPPCHHHHCHHPPHHPPPPHHPPHPP,-1,44,Climbing_fold
PPCHHPPCHPPPPCHHHHCHHPPHHPPPPHHPPHPP,-1,45,Climbing_fold
PPCHHPPCHPPPPCHHHHCHHPPHHPPPPHHPPHPP,-1,46,Climbing_fold
PPCHHPPCHPPPPCHHHHCHHPPHHPPPPHHPPHPP,-1,47,Climbing_fold
PPCHHPPCHPPPPCHHHHCHHPPHHPPPPHHPPHPP,-1,48,Climbing_fold
PPCHHPPCHPPPPCHHHHCHHPPHHPPPPHHPPHPP,-1,49,Climbing_fold
PPCHHPPCHPPPPCHHHHCHHPPHHPPPPHHPPHPP,-1,50,Climbing_fold
PPCHHPPCHPPPPCHHHHCHHPPHHPPPPHHPPHPP,-1,51,Climbing_fold
PPCHHPPCHPPPPCHHHHCHHPPHHPPPPHHPPHPP,-1,52,Climbing_fold
PPCHHPPCHPPPPCHHHHCHHPPHHPPPPHHPPHPP,-1,53,Climbing_fold
PPCHHPPCHPPPPCHHHHCHHPPHHPPPPHHPPHPP,-1,54,Climbing_fold
PPCHHPPCHPPPPCHHHHCHHPPHHPPPPHHPPHPP,-1,55,Climbing_fold
PPCHHPPCHPPPPCHHHHCHHPPHHPPPPHHPPHPP,-1,56,Climbing_fold
PPCHHPPCHPPPPCHHHHCHHPPHHPPPPHHPPHPP,-1,57,Climbing_fold
PPCHHPPCHPPPPCHHHHCHHPPHHPPPPHHPPHPP,-1,58,Climbing_fold
PPCHHPPCHPPPPCHHHHCHHPPHHPPPPHHPPHPP,-1,59,Climbing_fold
PPCHHPPCHPPPPCHHHHCHHPPHHPPPPHHPPHPP,-1,60,Climbing_fold
PPCHHPPCHPPPPCHHHHCHHPPHHPPPPHHPPHPP,-1,61,Climbing_fold
PPCHHPPCHPPPPCHHHHCHHPPHHPPPPHHPPHPP,-1,62,Climbing_fold
PPCHHPPCHPPPPCHHHHCHHPPHHPPPPHHPPHPP,-1,63,Climbing_fold
PPCHHPPCHPPPPCHHHHCHHPPHHPPPPHHPPHPP,-1,64,Climbing_fold
PPCHHPPCHPPPPCHHHHCHHPPHHPPPPHHPPHPP,-1,65,Climbing_fold
PPCHHPPCHPPPPCHHHHCHHPPHHPPPPHHPPHPP,-1,66,Climbing_fold
PPCHHPPCHPPPPCHHHHCHHPPHHPPPPHHPPHPP,-1,67,Climbing_fold
PPCHHPPCHPPPPCHHHHCHHPPHHPPPPHHPPHPP,-1,68,Climbing_fold
PPCHHPPCHPPPPCHHHHCHHPPHHPPPPHHPPHPP,-1,69,Climbing_fold
PPCHHPPCHPPPPCHHHHCHHPPHHPPPPHHPPHPP,-1,70,Climbing_fold
PPCHHPPCHPPPPCHHHHCHHPPHHPPPPHHPPHPP,-1,71,Climbing_fold
PPCHHPPCHPPPPCHHHHCHHPPHHPPPPHHPPHPP,-1,72,Climbing_fold
PPCHHPPCHPPPPCHHHHCHHPPHHPPPPHHPPHPP,-1,73,Climbing_fold
PPCHHPPCHPPPPCHHHHCHHPPHHPPPPHHPPHPP,-1,74,Climbing_fold
PPCHHPPCHPPPPCHHHHCHHPPHHPPPPHHPPHPP,-1,75,Climbing_fold
PPCHHPPCHPPPPCHHHHCHHPPHHPPPPHHPPHPP,-1,76,Climbing_fold
PPCHHPPCHPPPPCHHHHCHHPPHHPPPPHHPPHPP,-1,77,Climbing_fold
PPCHHPPCHPPPPCHHHHCHHPPHHPPPPHHPPHPP,-1,78,Climbing_fold
PPCHHPPCHPPPPCHHHHCHHPPHHPPPPHHPPHPP,-1,79,Climbing_fold
PPCHHPPCHPPPPCHHHHCHHPPHHPPPPHHPPHPP,-1,80,Climbing_fold
PPCHHPPCHPPPPCHHHHCHHPPHHPPPPHHPPHPP,-1,81,Climbing_fold
PPCHHPPCHPPPPCHHHHCHHPPHHPPPPHHPPHPP,-1,82,Climbing_fold
PPCHHPPCHPPPPCHHHHCHHPPHHPPPPHHPPHPP,-1,83,Climbing_fold
PPCHHPPCHPPPPCHHHHCHHPPHHPPPPHHPPHPP,-1,84,Climbing_fold
PPCHHPPCHPPPPCHHHHCHHPPHHPPPPHHPPHPP,-1,85,Climbing_fold
PPCHHPPCHPPPPCHHHHCHHPPHHPPPPHHPPHPP,-1,86,Climbing_fold
PPCHHPPCHPPPPCHHHHCHHPPHHPPPPHHPPHPP,-1,87,Climbing_fold
PPCHHPPCHPPPPCHHHHCHHPPHHPPPPHHPPHPP,-1,88,Climbing_fold
PPCHHPPCHPPPPCHHHHCHHPPHHPPPPHHPPHPP,-12,89,Climbing_fold
PPCHHPPCHPPPPCHHHHCHHPPHHPPPPHHPPHPP,-12,90,Climbing_fold
PPCHHPPCHPPPPCHHHHCHHPPHHPPPPHHPPHPP,-12,91,Climbing_fold
PPCHHPPCHPPPPCHHHHCHHPPHHPPPPHHPPHPP,-12,92,Climbing_fold
PPCHHPPCHPPPPCHHHHCHHPPHHPPPPHHPPHPP,-12,93,Climbing_fold
PPCHHPPCHPPPPCHHHHCHHPPHHPPPPHHPPHPP,-12,94,Climbing_fold
PPCHHPPCHPPPPCHHHHCHHPPHHPPPPHHPPHPP,-12,95,Climbing_fold
PPCHHPPCHPPPPCHHHHCHHPPHHPPPPHHPPHPP,-12,96,Climbing_fold
PPCHHPPCHPPPPCHHHHCHHPPHHPPPPHHPPHPP,-12,97,Climbing_fold
PPCHHPPCHPPPPCHHHHCHHPPHHPPPPHHPPHPP,-12,98,Climbing_fold
PPCHHPPCHPPPPCHHHHCHHPPHHPPPPHHPPHPP,-12,99,Climbing_fold
PPCHHPPCHPPPPCHHHHCHHPPHHPPPPHHPPHPP,-12,100,Climbing_fold
PPCHHPPCHPPPPCHHHHCHHPPHHPPPPHHPPHPP,-12,101,Climbing_fold
PPCHHPPCHPPPPCHHHHCHHPPHHPPPPHHPPHPP,-12,102,Climbing_fold
PPCHHPPCHPPPPCHHHHCHHPPHHPPPPHHPPHPP,-12,103,Climbing_fold
PPCHHPPCHPPPPCHHHHCHHPPHHPPPPHHPPHPP,-12,104,Climbing_fold
PPCHHPPCHPPPPCHHHHCHHPPHHPPPPHHPPHPP,-12,105,Climbing_fold
PPCHHPPCHPPPPCHHHHCHHPPHHPPPPHHPPHPP,-12,106,Climbing_fold
PPCHHPPCHPPPPCHHHHCHHPPHHPPPPHHPPHPP,-12,107,Climbing_fold
PPCHHPPCHPPPPCHHHHCHHPPHHPPPPHHPPHPP,-12,108,Climbing_fold
PPCHHPPCHPPPPCHHHHCHHPPHHPPPPHHPPHPP,-12,109,Climbing_fold
PPCHHPPCHPPPPCHHHHCHHPPHHPPPPHHPPHPP,-12,110,Climbing_fold
PPCHHPPCHPPPPCHHHHCHHPPHHPPPPHHPPHPP,-12,111,Climbing_fold
PPCHHPPCHPPPPCHHHHCHHPPHHPPPPHHPPHPP,-12,112,Climbing_fold
PPCHHPPCHPPPPCHHHHCHHPPHHPPPPHHPPHPP,-12,113,Climbing_fold
PPCHHPPCHPPPPCHHHHCHHPPHHPPPPHHPPHPP,-12,114,Climbing_fold
PPCHHPPCHPPPPCHHHHCHHPPHHPPPPHHPPHPP,-12,115,Climbing_fold
PPCHHPPCHPPPPCHHHHCHHPPHHPPPPHHPPHPP,-12,116,Climbing_fold
PPCHHPPCHPPPPCHHHHCHHPPHHPPPPHHPPHPP,-12,117,Climbing_fold
PPCHHPPCHPPPPCHHHHCHHPPHHPPPPHHPPHPP,-12,118,Climbing_fold
PPCHHPPCHPPPPCHHHHCHHPPHHPPPPHHPPHPP,-12,119,Climbing_fold
PPCHHPPCHPPPPCHHHHCHHPPHHPPPPHHPPHPP,-12,120,Climbing_fold
PPCHHPPCHPPPPCHHHHCHHPPHHPPPPHHPPHPP,-12,121,Climbing_fold
PPCHHPPCHPPPPCHHHHCHHPPHHPPPPHHPPHPP,-12,122,Climbing_fold
PPCHHPPCHPPPPCHHHHCHHPPHHPPPPHHPPHPP,-12,123,Climbing_fold
PPCHHPPCHPPPPCHHHHCHHPPHHPPPPHHPPHPP,-12,124,Climbing_fold
PPCHHPPCHPPPPCHHHHCHHPPHHPPPPHHPPHPP,-12,125,Climbing_fold
PPCHHPPCHPPPPCHHHHCHHPPHHPPPPHHPPHPP,-12,126,Climbing_fold
PPCHHPPCHPPPPCHHHHCHHPPHHPPPPHHPPHPP,-12,127,Climbing_fold
PPCHHPPCHPPPPCHHHHCHHPPHHPPPPHHPPHPP,-12,128,Climbing_fold
PPCHHPPCHPPPPCHHHHCHHPPHHPPPPHHPPHPP,-12,129,Climbing_fold
PPCHHPPCHPPPPCHHHHCHHPPHHPPPPHHPPHPP,-12,130,Climbing_fold
PPCHHPPCHPPPPCHHHHCHHPPHHPPPPHHPPHPP,-12,131,Climbing_fold
PPCHHPPCHPPPPCHHHHCHHPPHHPPPPHHPPHPP,-12,132,Climbing_fold
PPCHHPPCHPPPPCHHHHCHHPPHHPPPPHHPPHPP,-12,133,Climbing_fold
PPCHHPPCHPPPPCHHHHCHHPPHHPPPPHHPPHPP,-12,134,Climbing_fold
PPCHHPPCHPPPPCHHHHCHHPPHHPPPPHHPPHPP,-12,135,Climbing_fold
PPCHHPPCHPPPPCHHHHCHHPPHHPPPPHHPPHPP,-12,136,Climbing_fold
PPCHHPPCHPPPPCHHHHCHHPPHHPPPPHHPPHPP,-12,137,Climbing_fold
PPCHHPPCHPPPPCHHHHCHHPPHHPPPPHHPPHPP,-12,138,Climbing_fold
PPCHHPPCHPPPPCHHHHCHHPPHHPPPPHHPPHPP,-12,139,Climbing_fold
PPCHHPPCHPPPPCHHHHCHHPPHHPPPPHHPPHPP,-12,140,Climbing_fold
PPCHHPPCHPPPPCHHHHCHHPPHHPPPPHHPPHPP,-12,141,Climbing_fold
PPCHHPPCHPPPPCHHHHCHHPPHHPPPPHHPPHPP,-12,142,Climbing_fold
PPCHHPPCHPPPPCHHHHCHHPPHHPPPPHHPPHPP,-12,143,Climbing_fold
PPCHHPPCHPPPPCHHHHCHHPPHHPPPPHHPPHPP,-12,144,Climbing_fold
PPCHHPPCHPPPPCHHHHCHHPPHHPPPPHHPPHPP,-12,145,Climbing_fold
PPCHHPPCHPPPPCHHHHCHHPPHHPPPPHHPPHPP,-12,146,Climbing_fold
PPCHHPPCHPPPPCHHHHCHHPPHHPPPPHHPPHPP,-12,147,Climbing_fold
PPCHHPPCHPPPPCHHHHCHHPPHHPPPPHHPPHPP,-12,148,Climbing_fold
PPCHHPPCHPPPPCHHHHCHHPPHHPPPPHHPPHPP,-12,149,Climbing_fold
PPCHHPPCHPPPPCHHHHCHHPPHHPPPPHHPPHPP,-12,150,Climbing_fold
PPCHHPPCHPPPPCHHHHCHHPPHHPPPPHHPPHPP,-12,151,Climbing_fold
PPCHHPPCHPPPPCHHHHCHHPPHHPPPPHHPPHPP,-12,152,Climbing_fold
PPCHHPPCHPPPPCHHHHCHHPPHHPPPPHHPPHPP,-12,153,Climbing_fold
PPCHHPPCHPPPPCHHHHCHHPPHHPPPPHHPPHPP,-12,154,Climbing_fold
PPCHHPPCHPPPPCHHHHCHHPPHHPPPPHHPPHPP,-12,155,Climbing_fold
PPCHHPPCHPPPPCHHHHCHHPPHHPPPPHHPPHPP,-12,156,Climbing_fold
PPCHHPPCHPPPPCHHHHCHHPPHHPPPPHHPPHPP,-12,157,Climbing_fold
PPCHHPPCHPPPPCHHHHCHHPPHHPPPPHHPPHPP,-12,158,Climbing_fold
PPCHHPPCHPPPPCHHHHCHHPPHHPPPPHHPPHPP,-12,159,Climbing_fold
PPCHHPPCHPPPPCHHHHCHHPPHHPPPPHHPPHPP,-12,160,Climbing_fold
PPCHHPPCHPPPPCHHHHCHHPPHHPPPPHHPPHPP,-12,161,Climbing_fold
PPCHHPPCHPPPPCHHHHCHHPPHHPPPPHHPPHPP,-12,162,Climbing_fold
PPCHHPPCHPPPPCHHHHCHHPPHHPPPPHHPPHPP,-12,163,Climbing_fold
PPCHHPPCHPPPPCHHHHCHHPPHHPPPPHHPPHPP,-12,164,Climbing_fold
PPCHHPPCHPPPPCHHHHCHHPPHHPPPPHHPPHPP,-12,165,Climbing_fold
PPCHHPPCHPPPPCHHHHCHHPPHHPPPPHHPPHPP,-12,166,Climbing_fold
PPCHHPPCHPPPPCHHHHCHHPPHHPPPPHHPPHPP,-12,167,Climbing_fold
PPCHHPPCHPPPPCHHHHCHHPPHHPPPPHHPPHPP,-12,168,Climbing_fold
PPCHHPPCHPPPPCHHHHCHHPPHHPPPPHHPPHPP,-12,169,Climbing_fold
PPCHHPPCHPPPPCHHHHCHHPPHHPPPPHHPPHPP,-12,170,Climbing_fold
PPCHHPPCHPPPPCHHHHCHHPPHHPPPPHHPPHPP,-12,171,Climbing_fold
PPCHHPPCHPPPPCHHHHCHHPPHHPPPPHHPPHPP,-12,172,Climbing_fold
PPCHHPPCHPPPPCHHHHCHHPPHHPPPPHHPPHPP,-12,173,Climbing_fold
PPCHHPPCHPPPPCHHHHCHHPPHHPPPPHHPPHPP,-15,174,Climbing_fold
PPCHHPPCHPPPPCHHHHCHHPPHHPPPPHHPPHPP,-15,175,Climbing_fold
PPCHHPPCHPPPPCHHHHCHHPPHHPPPPHHPPHPP,-15,176,Climbing_fold
PPCHHPPCHPPPPCHHHHCHHPPHHPPPPHHPPHPP,-15,177,Climbing_fold
PPCHHPPCHPPPPCHHHHCHHPPHHPPPPHHPPHPP,-15,178,Climbing_fold
PPCHHPPCHPPPPCHHHHCHHPPHHPPPPHHPPHPP,-15,179,Climbing_fold
PPCHHPPCHPPPPCHHHHCHHPPHHPPPPHHPPHPP,-15,180,Climbing_fold
PPCHHPPCHPPPPCHHHHCHHPPHHPPPPHHPPHPP,-15,181,Climbing_fold
PPCHHPPCHPPPPCHHHHCHHPPHHPPPPHHPPHPP,-15,182,Climbing_fold
PPCHHPPCHPPPPCHHHHCHHPPHHPPPPHHPPHPP,-15,183,Climbing_fold
PPCHHPPCHPPPPCHHHHCHHPPHHPPPPHHPPHPP,-15,184,Climbing_fold
PPCHHPPCHPPPPCHHHHCHHPPHHPPPPHHPPHPP,-15,185,Climbing_fold
PPCHHPPCHPPPPCHHHHCHHPPHHPPPPHHPPHPP,-15,186,Climbing_fold
PPCHHPPCHPPPPCHHHHCHHPPHHPPPPHHPPHPP,-15,187,Climbing_fold
PPCHHPPCHPPPPCHHHHCHHPPHHPPPPHHPPHPP,-15,188,Climbing_fold
PPCHHPPCHPPPPCHHHHCHHPPHHPPPPHHPPHPP,-15,189,Climbing_fold
PPCHHPPCHPPPPCHHHHCHHPPHHPPPPHHPPHPP,-15,190,Climbing_fold
PPCHHPPCHPPPPCHHHHCHHPPHHPPPPHHPPHPP,-15,191,Climbing_fold
PPCHHPPCHPPPPCHHHHCHHPPHHPPPPHHPPHPP,-15,192,Climbing_fold
PPCHHPPCHPPPPCHHHHCHHPPHHPPPPHHPPHPP,-15,193,Climbing_fold
PPCHHPPCHPPPPCHHHHCHHPPHHPPPPHHPPHPP,-15,194,Climbing_fold
PPCHHPPCHPPPPCHHHHCHHPPHHPPPPHHPPHPP,-15,195,Climbing_fold
PPCHHPPCHPPPPCHHHHCHHPPHHPPPPHHPPHPP,-15,196,Climbing_fold
PPCHHPPCHPPPPCHHHHCHHPPHHPPPPHHPPHPP,-15,197,Climbing_fold
PPCHHPPCHPPPPCHHHHCHHPPHHPPPPHHPPHPP,-15,198,Climbing_fold
PPCHHPPCHPPPPCHHHHCHHPPHHPPPPHHPPHPP,-15,199,Climbing_fold
PPCHHPPCHPPPPCHHHHCHHPPHHPPPPHHPPHPP,-15,200,Climbing_fold
PPCHHPPCHPPPPCHHHHCHHPPHHPPPPHHPPHPP,-15,201,Climbing_fold
PPCHHPPCHPPPPCHHHHCHHPPHHPPPPHHPPHPP,-15,202,Climbing_fold
PPCHHPPCHPPPPCHHHHCHHPPHHPPPPHHPPHPP,-15,203,Climbing_fold
PPCHHPPCHPPPPCHHHHCHHPPHHPPPPHHPPHPP,-15,204,Climbing_fold
PPCHHPPCHPPPPCHHHHCHHPPHHPPPPHHPPHPP,-15,205,Climbing_fold
PPCHHPPCHPPPPCHHHHCHHPPHHPPPPHHPPHPP,-15,206,Climbing_fold
PPCHHPPCHPPPPCHHHHCHHPPHHPPPPHHPPHPP,-15,207,Climbing_fold
PPCHHPPCHPPPPCHHHHCHHPPHHPPPPHHPPHPP,-15,208,Climbing_fold
PPCHHPPCHPPPPCHHHHCHHPPHHPPPPHHPPHPP,-15,209,Climbing_fold
PPCHHPPCHPPPPCHHHHCHHPPHHPPPPHHPPHPP,-15,210,Climbing_fold
PPCHHPPCHPPPPCHHHHCHHPPHHPPPPHHPPHPP,-15,211,Climbing_fold
PPCHHPPCHPPPPCHHHHCHHPPHHPPPPHHPPHPP,-15,212,Climbing_fold
PPCHHPPCHPPPPCHHHHCHHPPHHPPPPHHPPHPP,-15,213,Climbing_fold
PPCHHPPCHPPPPCHHHHCHHPPHHPPPPHHPPHPP,-15,214,Climbing_fold
PPCHHPPCHPPPPCHHHHCHHPPHHPPPPHHPPHPP,-15,215,Climbing_fold
PPCHHPPCHPPPPCHHHHCHHPPHHPPPPHHPPHPP,-15,216,Climbing_fold
PPCHHPPCHPPPPCHHHHCHHPPHHPPPPHHPPHPP,-15,217,Climbing_fold
PPCHHPPCHPPPPCHHHHCHHPPHHPPPPHHPPHPP,-15,218,Climbing_fold
PPCHHPPCHPPPPCHHHHCHHPPHHPPPPHHPPHPP,-15,219,Climbing_fold
PPCHHPPCHPPPPCHHHHCHHPPHHPPPPHHPPHPP,-15,220,Climbing_fold
PPCHHPPCHPPPPCHHHHCHHPPHHPPPPHHPPHPP,-15,221,Climbing_fold
PPCHHPPCHPPPPCHHHHCHHPPHHPPPPHHPPHPP,-15,222,Climbing_fold
PPCHHPPCHPPPPCHHHHCHHPPHHPPPPHHPPHPP,-15,223,Climbing_fold
PPCHHPPCHPPPPCHHHHCHHPPHHPPPPHHPPHPP,-15,224,Climbing_fold
PPCHHPPCHPPPPCHHHHCHHPPHHPPPPHHPPHPP,-15,225,Climbing_fold
PPCHHPPCHPPPPCHHHHCHHPPHHPPPPHHPPHPP,-15,226,Climbing_fold
PPCHHPPCHPPPPCHHHHCHHPPHHPPPPHHPPHPP,-15,227,Climbing_fold
PPCHHPPCHPPPPCHHHHCHHPPHHPPPPHHPPHPP,-15,228,Climbing_fold
PPCHHPPCHPPPPCHHHHCHHPPHHPPPPHHPPHPP,-15,229,Climbing_fold
PPCHHPPCHPPPPCHHHHCHHPPHHPPPPHHPPHPP,-17,230,Climbing_fold
PPCHHPPCHPPPPCHHHHCHHPPHHPPPPHHPPHPP,-17,231,Climbing_fold
PPCHHPPCHPPPPCHHHHCHHPPHHPPPPHHPPHPP,-17,232,Climbing_fold
PPCHHPPCHPPPPCHHHHCHHPPHHPPPPHHPPHPP,-17,233,Climbing_fold
PPCHHPPCHPPPPCHHHHCHHPPHHPPPPHHPPHPP,-17,234,Climbing_fold
PPCHHPPCHPPPPCHHHHCHHPPHHPPPPHHPPHPP,-17,235,Climbing_fold
PPCHHPPCHPPPPCHHHHCHHPPHHPPPPHHPPHPP,-17,236,Climbing_fold
PPCHHPPCHPPPPCHHHHCHHPPHHPPPPHHPPHPP,-17,237,Climbing_fold
PPCHHPPCHPPPPCHHHHCHHPPHHPPPPHHPPHPP,-17,238,Climbing_fold
PPCHHPPCHPPPPCHHHHCHHPPHHPPPPHHPPHPP,-17,239,Climbing_fold
PPCHHPPCHPPPPCHHHHCHHPPHHPPPPHHPPHPP,-17,240,Climbing_fold
PPCHHPPCHPPPPCHHHHCHHPPHHPPPPHHPPHPP,-17,241,Climbing_fold
PPCHHPPCHPPPPCHHHHCHHPPHHPPPPHHPPHPP,-17,242,Climbing_fold
PPCHHPPCHPPPPCHHHHCHHPPHHPPPPHHPPHPP,-17,243,Climbing_fold
PPCHHPPCHPPPPCHHHHCHHPPHHPPPPHHPPHPP,-17,244,Climbing_fold
PPCHHPPCHPPPPCHHHHCHHPPHHPPPPHHPPHPP,-17,245,Climbing_fold
PPCHHPPCHPPPPCHHHHCHHPPHHPPPPHHPPHPP,-17,246,Climbing_fold
PPCHHPPCHPPPPCHHHHCHHPPHHPPPPHHPPHPP,-17,247,Climbing_fold
PPCHHPPCHPPPPCHHHHCHHPPHHPPPPHHPPHPP,-17,248,Climbing_fold
PPCHHPPCHPPPPCHHHHCHHPPHHPPPPHHPPHPP,-17,249,Climbing_fold
PPCHHPPCHPPPPCHHHHCHHPPHHPPPPHHPPHPP,-17,250,Climbing_fold
PPCHHPPCHPPPPCHHHHCHHPPHHPPPPHHPPHPP,-17,251,Climbing_fold
PPCHHPPCHPPPPCHHHHCHHPPHHPPPPHHPPHPP,-17,252,Climbing_fold
PPCHHPPCHPPPPCHHHHCHHPPHHPPPPHHPPHPP,-17,253,Climbing_fold
PPCHHPPCHPPPPCHHHHCHHPPHHPPPPHHPPHPP,-17,254,Climbing_fold
PPCHHPPCHPPPPCHHHHCHHPPHHPPPPHHPPHPP,-17,255,Climbing_fold
PPCHHPPCHPPPPCHHHHCHHPPHHPPPPHHPPHPP,-17,256,Climbing_fold
PPCHHPPCHPPPPCHHHHCHHPPHHPPPPHHPPHPP,-17,257,Climbing_fold
PPCHHPPCHPPPPCHHHHCHHPPHHPPPPHHPPHPP,-17,258,Climbing_fold
PPCHHPPCHPPPPCHHHHCHHPPHHPPPPHHPPHPP,-17,259,Climbing_fold
PPCHHPPCHPPPPCHHHHCHHPPHHPPPPHHPPHPP,-17,260,Climbing_fold
PPCHHPPCHPPPPCHHHHCHHPPHHPPPPHHPPHPP,-17,261,Climbing_fold
PPCHHPPCHPPPPCHHHHCHHPPHHPPPPHHPPHPP,-17,262,Climbing_fold
PPCHHPPCHPPPPCHHHHCHHPPHHPPPPHHPPHPP,-17,263,Climbing_fold
PPCHHPPCHPPPPCHHHHCHHPPHHPPPPHHPPHPP,-17,264,Climbing_fold
PPCHHPPCHPPPPCHHHHCHHPPHHPPPPHHPPHPP,-17,265,Climbing_fold
PPCHHPPCHPPPPCHHHHCHHPPHHPPPPHHPPHPP,-17,266,Climbing_fold
PPCHHPPCHPPPPCHHHHCHHPPHHPPPPHHPPHPP,-17,267,Climbing_fold
PPCHHPPCHPPPPCHHHHCHHPPHHPPPPHHPPHPP,-17,268,Climbing_fold
PPCHHPPCHPPPPCHHHHCHHPPHHPPPPHHPPHPP,-17,269,Climbing_fold
PPCHHPPCHPPPPCHHHHCHHPPHHPPPPHHPPHPP,-17,270,Climbing_fold
PPCHHPPCHPPPPCHHHHCHHPPHHPPPPHHPPHPP,-17,271,Climbing_fold
PPCHHPPCHPPPPCHHHHCHHPPHHPPPPHHPPHPP,-17,272,Climbing_fold
PPCHHPPCHPPPPCHHHHCHHPPHHPPPPHHPPHPP,-17,273,Climbing_fold
PPCHHPPCHPPPPCHHHHCHHPPHHPPPPHHPPHPP,-17,274,Climbing_fold
PPCHHPPCHPPPPCHHHHCHHPPHHPPPPHHPPHPP,-17,275,Climbing_fold
PPCHHPPCHPPPPCHHHHCHHPPHHPPPPHHPPHPP,-17,276,Climbing_fold
PPCHHPPCHPPPPCHHHHCHHPPHHPPPPHHPPHPP,-17,277,Climbing_fold
PPCHHPPCHPPPPCHHHHCHHPPHHPPPPHHPPHPP,-17,278,Climbing_fold
PPCHHPPCHPPPPCHHHHCHHPPHHPPPPHHPPHPP,-17,279,Climbing_fold
PPCHHPPCHPPPPCHHHHCHHPPHHPPPPHHPPHPP,-17,280,Climbing_fold
PPCHHPPCHPPPPCHHHHCHHPPHHPPPPHHPPHPP,-17,281,Climbing_fold
PPCHHPPCHPPPPCHHHHCHHPPHHPPPPHHPPHPP,-17,282,Climbing_fold
PPCHHPPCHPPPPCHHHHCHHPPHHPPPPHHPPHPP,-17,283,Climbing_fold
PPCHHPPCHPPPPCHHHHCHHPPHHPPPPHHPPHPP,-17,284,Climbing_fold
PPCHHPPCHPPPPCHHHHCHHPPHHPPPPHHPPHPP,-17,285,Climbing_fold
PPCHHPPCHPPPPCHHHHCHHPPHHPPPPHHPPHPP,-17,286,Climbing_fold
PPCHHPPCHPPPPCHHHHCHHPPHHPPPPHHPPHPP,-18,287,Climbing_fold
PPCHHPPCHPPPPCHHHHCHHPPHHPPPPHHPPHPP,-18,288,Climbing_fold
PPCHHPPCHPPPPCHHHHCHHPPHHPPPPHHPPHPP,-18,289,Climbing_fold
PPCHHPPCHPPPPCHHHHCHHPPHHPPPPHHPPHPP,-18,290,Climbing_fold
PPCHHPPCHPPPPCHHHHCHHPPHHPPPPHHPPHPP,-18,291,Climbing_fold
PPCHHPPCHPPPPCHHHHCHHPPHHPPPPHHPPHPP,-18,292,Climbing_fold
PPCHHPPCHPPPPCHHHHCHHPPHHPPPPHHPPHPP,-18,293,Climbing_fold
PPCHHPPCHPPPPCHHHHCHHPPHHPPPPHHPPHPP,-18,294,Climbing_fold
PPCHHPPCHPPPPCHHHHCHHPPHHPPPPHHPPHPP,-18,295,Climbing_fold
PPCHHPPCHPPPPCHHHHCHHPPHHPPPPHHPPHPP,-18,296,Climbing_fold
PPCHHPPCHPPPPCHHHHCHHPPHHPPPPHHPPHPP,-18,297,Climbing_fold
PPCHHPPCHPPPPCHHHHCHHPPHHPPPPHHPPHPP,-18,298,Climbing_fold
PPCHHPPCHPPPPCHHHHCHHPPHHPPPPHHPPHPP,-18,299,Climbing_fold
PPCHHPPCHPPPPCHHHHCHHPPHHPPPPHHPPHPP,-18,300,Climbing_fold
PPCHHPPCHPPPPCHHHHCHHPPHHPPPPHHPPHPP,-18,301,Climbing_fold
PPCHHPPCHPPPPCHHHHCHHPPHHPPPPHHPPHPP,-18,302,Climbing_fold
PPCHHPPCHPPPPCHHHHCHHPPHHPPPPHHPPHPP,-18,303,Climbing_fold
PPCHHPPCHPPPPCHHHHCHHPPHHPPPPHHPPHPP,-18,304,Climbing_fold
PPCHHPPCHPPPPCHHHHCHHPPHHPPPPHHPPHPP,-18,305,Climbing_fold
PPCHHPPCHPPPPCHHHHCHHPPHHPPPPHHPPHPP,-18,306,Climbing_fold
PPCHHPPCHPPPPCHHHHCHHPPHHPPPPHHPPHPP,-18,307,Climbing_fold
PPCHHPPCHPPPPCHHHHCHHPPHHPPPPHHPPHPP,-18,308,Climbing_fold
PPCHHPPCHPPPPCHHHHCHHPPHHPPPPHHPPHPP,-18,309,Climbing_fold
PPCHHPPCHPPPPCHHHHCHHPPHHPPPPHHPPHPP,-18,310,Climbing_fold
PPCHHPPCHPPPPCHHHHCHHPPHHPPPPHHPPHPP,-18,311,Climbing_fold
PPCHHPPCHPPPPCHHHHCHHPPHHPPPPHHPPHPP,-18,312,Climbing_fold
PPCHHPPCHPPPPCHHHHCHHPPHHPPPPHHPPHPP,-18,313,Climbing_fold
PPCHHPPCHPPPPCHHHHCHHPPHHPPPPHHPPHPP,-18,314,Climbing_fold
PPCHHPPCHPPPPCHHHHCHHPPHHPPPPHHPPHPP,-18,315,Climbing_fold
PPCHHPPCHPPPPCHHHHCHHPPHHPPPPHHPPHPP,-18,316,Climbing_fold
PPCHHPPCHPPPPCHHHHCHHPPHHPPPPHHPPHPP,-18,317,Climbing_fold
PPCHHPPCHPPPPCHHHHCHHPPHHPPPPHHPPHPP,-18,318,Climbing_fold
PPCHHPPCHPPPPCHHHHCHHPPHHPPPPHHPPHPP,-18,319,Climbing_fold
PPCHHPPCHPPPPCHHHHCHHPPHHPPPPHHPPHPP,-18,320,Climbing_fold
PPCHHPPCHPPPPCHHHHCHHPPHHPPPPHHPPHPP,-18,321,Climbing_fold
PPCHHPPCHPPPPCHHHHCHHPPHHPPPPHHPPHPP,-18,322,Climbing_fold
PPCHHPPCHPPPPCHHHHCHHPPHHPPPPHHPPHPP,-18,323,Climbing_fold
PPCHHPPCHPPPPCHHHHCHHPPHHPPPPHHPPHPP,-18,324,Climbing_fold
PPCHHPPCHPPPPCHHHHCHHPPHHPPPPHHPPHPP,-18,325,Climbing_fold
PPCHHPPCHPPPPCHHHHCHHPPHHPPPPHHPPHPP,-18,326,Climbing_fold
PPCHHPPCHPPPPCHHHHCHHPPHHPPPPHHPPHPP,-18,327,Climbing_fold
PPCHHPPCHPPPPCHHHHCHHPPHHPPPPHHPPHPP,-18,328,Climbing_fold
PPCHHPPCHPPPPCHHHHCHHPPHHPPPPHHPPHPP,-18,329,Climbing_fold
PPCHHPPCHPPPPCHHHHCHHPPHHPPPPHHPPHPP,-18,330,Climbing_fold
PPCHHPPCHPPPPCHHHHCHHPPHHPPPPHHPPHPP,-18,331,Climbing_fold
PPCHHPPCHPPPPCHHHHCHHPPHHPPPPHHPPHPP,-18,332,Climbing_fold
PPCHHPPCHPPPPCHHHHCHHPPHHPPPPHHPPHPP,-18,333,Climbing_fold
PPCHHPPCHPPPPCHHHHCHHPPHHPPPPHHPPHPP,-18,334,Climbing_fold
PPCHHPPCHPPPPCHHHHCHHPPHHPPPPHHPPHPP,-18,335,Climbing_fold
PPCHHPPCHPPPPCHHHHCHHPPHHPPPPHHPPHPP,-18,336,Climbing_fold
PPCHHPPCHPPPPCHHHHCHHPPHHPPPPHHPPHPP,-18,337,Climbing_fold
PPCHHPPCHPPPPCHHHHCHHPPHHPPPPHHPPHPP,-18,338,Climbing_fold
PPCHHPPCHPPPPCHHHHCHHPPHHPPPPHHPPHPP,-18,339,Climbing_fold
PPCHHPPCHPPPPCHHHHCHHPPHHPPPPHHPPHPP,-18,340,Climbing_fold
PPCHHPPCHPPPPCHHHHCHHPPHHPPPPHHPPHPP,-18,341,Climbing_fold
PPCHHPPCHPPPPCHHHHCHHPPHHPPPPHHPPHPP,-18,342,Climbing_fold
PPCHHPPCHPPPPCHHHHCHHPPHHPPPPHHPPHPP,-18,343,Climbing_fold
PPCHHPPCHPPPPCHHHHCHHPPHHPPPPHHPPHPP,-18,344,Climbing_fold
PPCHHPPCHPPPPCHHHHCHHPPHHPPPPHHPPHPP,-18,345,Climbing_fold
PPCHHPPCHPPPPCHHHHCHHPPHHPPPPHHPPHPP,-18,346,Climbing_fold
PPCHHPPCHPPPPCHHHHCHHPPHHPPPPHHPPHPP,-18,347,Climbing_fold
PPCHHPPCHPPPPCHHHHCHHPPHHPPPPHHPPHPP,-18,348,Climbing_fold
PPCHHPPCHPPPPCHHHHCHHPPHHPPPPHHPPHPP,-18,349,Climbing_fold
PPCHHPPCHPPPPCHHHHCHHPPHHPPPPHHPPHPP,-18,350,Climbing_fold
PPCHHPPCHPPPPCHHHHCHHPPHHPPPPHHPPHPP,-18,351,Climbing_fold
PPCHHPPCHPPPPCHHHHCHHPPHHPPPPHHPPHPP,-18,352,Climbing_fold
PPCHHPPCHPPPPCHHHHCHHPPHHPPPPHHPPHPP,-18,353,Climbing_fold
PPCHHPPCHPPPPCHHHHCHHPPHHPPPPHHPPHPP,-18,354,Climbing_fold
PPCHHPPCHPPPPCHHHHCHHPPHHPPPPHHPPHPP,-18,355,Climbing_fold
PPCHHPPCHPPPPCHHHHCHHPPHHPPPPHHPPHPP,-18,356,Climbing_fold
PPCHHPPCHPPPPCHHHHCHHPPHHPPPPHHPPHPP,-18,357,Climbing_fold
PPCHHPPCHPPPPCHHHHCHHPPHHPPPPHHPPHPP,-18,358,Climbing_fold
PPCHHPPCHPPPPCHHHHCHHPPHHPPPPHHPPHPP,-18,359,Climbing_fold
PPCHHPPCHPPPPCHHHHCHHPPHHPPPPHHPPHPP,-18,360,Climbing_fold
PPCHHPPCHPPPPCHHHHCHHPPHHPPPPHHPPHPP,-18,361,Climbing_fold
PPCHHPPCHPPPPCHHHHCHHPPHHPPPPHHPPHPP,-18,362,Climbing_fold
PPCHHPPCHPPPPCHHHHCHHPPHHPPPPHHPPHPP,-18,363,Climbing_fold
PPCHHPPCHPPPPCHHHHCHHPPHHPPPPHHPPHPP,-18,364,Climbing_fold
PPCHHPPCHPPPPCHHHHCHHPPHHPPPPHHPPHPP,-18,365,Climbing_fold
PPCHHPPCHPPPPCHHHHCHHPPHHPPPPHHPPHPP,-18,366,Climbing_fold
PPCHHPPCHPPPPCHHHHCHHPPHHPPPPHHPPHPP,-18,367,Climbing_fold
PPCHHPPCHPPPPCHHHHCHHPPHHPPPPHHPPHPP,-18,368,Climbing_fold
PPCHHPPCHPPPPCHHHHCHHPPHHPPPPHHPPHPP,-18,369,Climbing_fold
PPCHHPPCHPPPPCHHHHCHHPPHHPPPPHHPPHPP,-18,370,Climbing_fold
PPCHHPPCHPPPPCHHHHCHHPPHHPPPPHHPPHPP,-18,371,Climbing_fold
PPCHHPPCHPPPPCHHHHCHHPPHHPPPPHHPPHPP,-18,372,Climbing_fold
PPCHHPPCHPPPPCHHHHCHHPPHHPPPPHHPPHPP,-18,373,Climbing_fold
PPCHHPPCHPPPPCHHHHCHHPPHHPPPPHHPPHPP,-18,374,Climbing_fold
PPCHHPPCHPPPPCHHHHCHHPPHHPPPPHHPPHPP,-18,375,Climbing_fold
PPCHHPPCHPPPPCHHHHCHHPPHHPPPPHHPPHPP,-18,376,Climbing_fold
PPCHHPPCHPPPPCHHHHCHHPPHHPPPPHHPPHPP,-18,377,Climbing_fold
PPCHHPPCHPPPPCHHHHCHHPPHHPPPPHHPPHPP,-18,378,Climbing_fold
PPCHHPPCHPPPPCHHHHCHHPPHHPPPPHHPPHPP,-18,379,Climbing_fold
PPCHHPPCHPPPPCHHHHCHHPPHHPPPPHHPPHPP,-18,380,Climbing_fold
PPCHHPPCHPPPPCHHHHCHHPPHHPPPPHHPPHPP,-18,381,Climbing_fold
PPCHHPPCHPPPPCHHHHCHHPPHHPPPPHHPPHPP,-18,382,Climbing_fold
PPCHHPPCHPPPPCHHHHCHHPPHHPPPPHHPPHPP,-18,383,Climbing_fold
PPCHHPPCHPPPPCHHHHCHHPPHHPPPPHHPPHPP,-18,384,Climbing_fold
PPCHHPPCHPPPPCHHHHCHHPPHHPPPPHHPPHPP,-18,385,Climbing_fold
PPCHHPPCHPPPPCHHHHCHHPPHHPPPPHHPPHPP,-18,386,Climbing_fold
PPCHHPPCHPPPPCHHHHCHHPPHHPPPPHHPPHPP,-18,387,Climbing_fold
PPCHHPPCHPPPPCHHHHCHHPPHHPPPPHHPPHPP,-18,388,Climbing_fold
PPCHHPPCHPPPPCHHHHCHHPPHHPPPPHHPPHPP,-18,389,Climbing_fold
PPCHHPPCHPPPPCHHHHCHHPPHHPPPPHHPPHPP,-18,390,Climbing_fold
PPCHHPPCHPPPPCHHHHCHHPPHHPPPPHHPPHPP,-18,391,Climbing_fold
PPCHHPPCHPPPPCHHHHCHHPPHHPPPPHHPPHPP,-18,392,Climbing_fold
PPCHHPPCHPPPPCHHHHCHHPPHHPPPPHHPPHPP,-18,393,Climbing_fold
PPCHHPPCHPPPPCHHHHCHHPPHHPPPPHHPPHPP,-18,394,Climbing_fold
PPCHHPPCHPPPPCHHHHCHHPPHHPPPPHHPPHPP,-18,395,Climbing_fold
PPCHHPPCHPPPPCHHHHCHHPPHHPPPPHHPPHPP,-18,396,Climbing_fold
PPCHHPPCHPPPPCHHHHCHHPPHHPPPPHHPPHPP,-18,397,Climbing_fold
PPCHHPPCHPPPPCHHHHCHHPPHHPPPPHHPPHPP,-18,398,Climbing_fold
PPCHHPPCHPPPPCHHHHCHHPPHHPPPPHHPPHPP,-18,399,Climbing_fold
PPCHHPPCHPPPPCHHHHCHHPPHHPPPPHHPPHPP,-18,400,Climbing_fold
PPCHHPPCHPPPPCHHHHCHHPPHHPPPPHHPPHPP,-18,401,Climbing_fold
PPCHHPPCHPPPPCHHHHCHHPPHHPPPPHHPPHPP,-18,402,Climbing_fold
PPCHHPPCHPPPPCHHHHCHHPPHHPPPPHHPPHPP,-18,403,Climbing_fold
PPCHHPPCHPPPPCHHHHCHHPPHHPPPPHHPPHPP,-18,404,Climbing_fold
PPCHHPPCHPPPPCHHHHCHHPPHHPPPPHHPPHPP,-18,405,Climbing_fold
PPCHHPPCHPPPPCHHHHCHHPPHHPPPPHHPPHPP,-18,406,Climbing_fold
PPCHHPPCHPPPPCHHHHCHHPPHHPPPPHHPPHPP,-18,407,Climbing_fold
PPCHHPPCHPPPPCHHHHCHHPPHHPPPPHHPPHPP,-18,408,Climbing_fold
PPCHHPPCHPPPPCHHHHCHHPPHHPPPPHHPPHPP,-18,409,Climbing_fold
PPCHHPPCHPPPPCHHHHCHHPPHHPPPPHHPPHPP,-18,410,Climbing_fold
PPCHHPPCHPPPPCHHHHCHHPPHHPPPPHHPPHPP,-18,411,Climbing_fold
PPCHHPPCHPPPPCHHHHCHHPPHHPPPPHHPPHPP,-18,412,Climbing_fold
PPCHHPPCHPPPPCHHHHCHHPPHHPPPPHHPPHPP,-18,413,Climbing_fold
PPCHHPPCHPPPPCHHHHCHHPPHHPPPPHHPPHPP,-18,414,Climbing_fold
PPCHHPPCHPPPPCHHHHCHHPPHHPPPPHHPPHPP,-18,415,Climbing_fold
PPCHHPPCHPPPPCHHHHCHHPPHHPPPPHHPPHPP,-18,416,Climbing_fold
PPCHHPPCHPPPPCHHHHCHHPPHHPPPPHHPPHPP,-18,417,Climbing_fold
PPCHHPPCHPPPPCHHHHCHHPPHHPPPPHHPPHPP,-18,418,Climbing_fold
PPCHHPPCHPPPPCHHHHCHHPPHHPPPPHHPPHPP,-18,419,Climbing_fold
PPCHHPPCHPPPPCHHHHCHHPPHHPPPPHHPPHPP,-18,420,Climbing_fold
PPCHHPPCHPPPPCHHHHCHHPPHHPPPPHHPPHPP,-18,421,Climbing_fold
PPCHHPPCHPPPPCHHHHCHHPPHHPPPPHHPPHPP,-18,422,Climbing_fold
PPCHHPPCHPPPPCHHHHCHHPPHHPPPPHHPPHPP,-18,423,Climbing_fold
PPCHHPPCHPPPPCHHHHCHHPPHHPPPPHHPPHPP,-18,424,Climbing_fold
PPCHHPPCHPPPPCHHHHCHHPPHHPPPPHHPPHPP,-18,425,Climbing_fold
PPCHHPPCHPPPPCHHHHCHHPPHHPPPPHHPPHPP,-18,426,Climbing_fold
PPCHHPPCHPPPPCHHHHCHHPPHHPPPPHHPPHPP,-18,427,Climbing_fold
PPCHHPPCHPPPPCHHHHCHHPPHHPPPPHHPPHPP,-18,428,Climbing_fold
PPCHHPPCHPPPPCHHHHCHHPPHHPPPPHHPPHPP,-18,429,Climbing_fold
PPCHHPPCHPPPPCHHHHCHHPPHHPPPPHHPPHPP,-18,430,Climbing_fold
PPCHHPPCHPPPPCHHHHCHHPPHHPPPPHHPPHPP,-18,431,Climbing_fold
PPCHHPPCHPPPPCHHHHCHHPPHHPPPPHHPPHPP,-18,432,Climbing_fold
PPCHHPPCHPPPPCHHHHCHHPPHHPPPPHHPPHPP,-18,433,Climbing_fold
PPCHHPPCHPPPPCHHHHCHHPPHHPPPPHHPPHPP,-18,434,Climbing_fold
PPCHHPPCHPPPPCHHHHCHHPPHHPPPPHHPPHPP,-18,435,Climbing_fold
PPCHHPPCHPPPPCHHHHCHHPPHHPPPPHHPPHPP,-18,436,Climbing_fold
PPCHHPPCHPPPPCHHHHCHHPPHHPPPPHHPPHPP,-18,437,Climbing_fold
PPCHHPPCHPPPPCHHHHCHHPPHHPPPPHHPPHPP,-18,438,Climbing_fold
PPCHHPPCHPPPPCHHHHCHHPPHHPPPPHHPPHPP,-18,439,Climbing_fold
PPCHHPPCHPPPPCHHHHCHHPPHHPPPPHHPPHPP,-18,440,Climbing_fold
PPCHHPPCHPPPPCHHHHCHHPPHHPPPPHHPPHPP,-18,441,Climbing_fold
PPCHHPPCHPPPPCHHHHCHHPPHHPPPPHHPPHPP,-18,442,Climbing_fold
PPCHHPPCHPPPPCHHHHCHHPPHHPPPPHHPPHPP,-18,443,Climbing_fold
PPCHHPPCHPPPPCHHHHCHHPPHHPPPPHHPPHPP,-18,444,Climbing_fold
PPCHHPPCHPPPPCHHHHCHHPPHHPPPPHHPPHPP,-18,445,Climbing_fold
PPCHHPPCHPPPPCHHHHCHHPPHHPPPPHHPPHPP,-18,446,Climbing_fold
PPCHHPPCHPPPPCHHHHCHHPPHHPPPPHHPPHPP,-18,447,Climbing_fold
PPCHHPPCHPPPPCHHHHCHHPPHHPPPPHHPPHPP,-18,448,Climbing_fold
PPCHHPPCHPPPPCHHHHCHHPPHHPPPPHHPPHPP,-18,449,Climbing_fold
PPCHHPPCHPPPPCHHHHCHHPPHHPPPPHHPPHPP,-18,450,Climbing_fold
PPCHHPPCHPPPPCHHHHCHHPPHHPPPPHHPPHPP,-18,451,Climbing_fold
PPCHHPPCHPPPPCHHHHCHHPPHHPPPPHHPPHPP,-18,452,Climbing_fold
PPCHHPPCHPPPPCHHHHCHHPPHHPPPPHHPPHPP,-18,453,Climbing_fold
PPCHHPPCHPPPPCHHHHCHHPPHHPPPPHHPPHPP,-18,454,Climbing_fold
PPCHHPPCHPPPPCHHHHCHHPPHHPPPPHHPPHPP,-18,455,Climbing_fold
PPCHHPPCHPPPPCHHHHCHHPPHHPPPPHHPPHPP,-18,456,Climbing_fold
PPCHHPPCHPPPPCHHHHCHHPPHHPPPPHHPPHPP,-18,457,Climbing_fold
PPCHHPPCHPPPPCHHHHCHHPPHHPPPPHHPPHPP,-18,458,Climbing_fold
PPCHHPPCHPPPPCHHHHCHHPPHHPPPPHHPPHPP,-18,459,Climbing_fold
PPCHHPPCHPPPPCHHHHCHHPPHHPPPPHHPPHPP,-18,460,Climbing_fold
PPCHHPPCHPPPPCHHHHCHHPPHHPPPPHHPPHPP,-18,461,Climbing_fold
PPCHHPPCHPPPPCHHHHCHHPPHHPPPPHHPPHPP,-18,462,Climbing_fold
PPCHHPPCHPPPPCHHHHCHHPPHHPPPPHHPPHPP,-18,463,Climbing_fold
PPCHHPPCHPPPPCHHHHCHHPPHHPPPPHHPPHPP,-18,464,Climbing_fold
PPCHHPPCHPPPPCHHHHCHHPPHHPPPPHHPPHPP,-18,465,Climbing_fold
PPCHHPPCHPPPPCHHHHCHHPPHHPPPPHHPPHPP,-18,466,Climbing_fold
PPCHHPPCHPPPPCHHHHCHHPPHHPPPPHHPPHPP,-18,467,Climbing_fold
PPCHHPPCHPPPPCHHHHCHHPPHHPPPPHHPPHPP,-18,468,Climbing_fold
PPCHHPPCHPPPPCHHHHCHHPPHHPPPPHHPPHPP,-18,469,Climbing_fold
PPCHHPPCHPPPPCHHHHCHHPPHHPPPPHHPPHPP,-18,470,Climbing_fold
PPCHHPPCHPPPPCHHHHCHHPPHHPPPPHHPPHPP,-18,471,Climbing_fold
PPCHHPPCHPPPPCHHHHCHHPPHHPPPPHHPPHPP,-18,472,Climbing_fold
PPCHHPPCHPPPPCHHHHCHHPPHHPPPPHHPPHPP,-18,473,Climbing_fold
PPCHHPPCHPPPPCHHHHCHHPPHHPPPPHHPPHPP,-18,474,Climbing_fold
PPCHHPPCHPPPPCHHHHCHHPPHHPPPPHHPPHPP,-18,475,Climbing_fold
PPCHHPPCHPPPPCHHHHCHHPPHHPPPPHHPPHPP,-18,476,Climbing_fold
PPCHHPPCHPPPPCHHHHCHHPPHHPPPPHHPPHPP,-18,477,Climbing_fold
PPCHHPPCHPPPPCHHHHCHHPPHHPPPPHHPPHPP,-18,478,Climbing_fold
PPCHHPPCHPPPPCHHHHCHHPPHHPPPPHHPPHPP,-18,479,Climbing_fold
PPCHHPPCHPPPPCHHHHCHHPPHHPPPPHHPPHPP,-18,480,Climbing_fold
PPCHHPPCHPPPPCHHHHCHHPPHHPPPPHHPPHPP,-18,481,Climbing_fold
PPCHHPPCHPPPPCHHHHCHHPPHHPPPPHHPPHPP,-18,482,Climbing_fold
PPCHHPPCHPPPPCHHHHCHHPPHHPPPPHHPPHPP,-18,483,Climbing_fold
PPCHHPPCHPPPPCHHHHCHHPPHHPPPPHHPPHPP,-18,484,Climbing_fold
PPCHHPPCHPPPPCHHHHCHHPPHHPPPPHHPPHPP,-18,485,Climbing_fold
PPCHHPPCHPPPPCHHHHCHHPPHHPPPPHHPPHPP,-18,486,Climbing_fold
PPCHHPPCHPPPPCHHHHCHHPPHHPPPPHHPPHPP,-18,487,Climbing_fold
PPCHHPPCHPPPPCHHHHCHHPPHHPPPPHHPPHPP,-18,488,Climbing_fold
PPCHHPPCHPPPPCHHHHCHHPPHHPPPPHHPPHPP,-18,489,Climbing_fold
PPCHHPPCHPPPPCHHHHCHHPPHHPPPPHHPPHPP,-18,490,Climbing_fold
PPCHHPPCHPPPPCHHHHCHHPPHHPPPPHHPPHPP,-18,491,Climbing_fold
PPCHHPPCHPPPPCHHHHCHHPPHHPPPPHHPPHPP,-18,492,Climbing_fold
PPCHHPPCHPPPPCHHHHCHHPPHHPPPPHHPPHPP,-18,493,Climbing_fold
PPCHHPPCHPPPPCHHHHCHHPPHHPPPPHHPPHPP,-18,494,Climbing_fold
PPCHHPPCHPPPPCHHHHCHHPPHHPPPPHHPPHPP,-18,495,Climbing_fold
PPCHHPPCHPPPPCHHHHCHHPPHHPPPPHHPPHPP,-18,496,Climbing_fold
PPCHHPPCHPPPPCHHHHCHHPPHHPPPPHHPPHPP,-18,497,Climbing_fold
PPCHHPPCHPPPPCHHHHCHHPPHHPPPPHHPPHPP,-18,498,Climbing_fold
PPCHHPPCHPPPPCHHHHCHHPPHHPPPPHHPPHPP,-18,499,Climbing_fold
PPCHHPPCHPPPPCHHHHCHHPPHHPPPPHHPPHPP,-18,500,Climbing_fold
PPCHHPPCHPPPPCHHHHCHHPPHHPPPPHHPPHPP,-18,501,Climbing_fold
PPCHHPPCHPPPPCHHHHCHHPPHHPPPPHHPPHPP,-18,502,Climbing_fold
PPCHHPPCHPPPPCHHHHCHHPPHHPPPPHHPPHPP,-18,503,Climbing_fold
PPCHHPPCHPPPPCHHHHCHHPPHHPPPPHHPPHPP,-18,504,Climbing_fold
PPCHHPPCHPPPPCHHHHCHHPPHHPPPPHHPPHPP,-18,505,Climbing_fold
PPCHHPPCHPPPPCHHHHCHHPPHHPPPPHHPPHPP,-18,506,Climbing_fold
PPCHHPPCHPPPPCHHHHCHHPPHHPPPPHHPPHPP,-18,507,Climbing_fold
PPCHHPPCHPPPPCHHHHCHHPPHHPPPPHHPPHPP,-18,508,Climbing_fold
PPCHHPPCHPPPPCHHHHCHHPPHHPPPPHHPPHPP,-18,509,Climbing_fold
PPCHHPPCHPPPPCHHHHCHHPPHHPPPPHHPPHPP,-18,510,Climbing_fold
PPCHHPPCHPPPPCHHHHCHHPPHHPPPPHHPPHPP,-18,511,Climbing_fold
PPCHHPPCHPPPPCHHHHCHHPPHHPPPPHHPPHPP,-18,512,Climbing_fold
PPCHHPPCHPPPPCHHHHCHHPPHHPPPPHHPPHPP,-18,513,Climbing_fold
PPCHHPPCHPPPPCHHHHCHHPPHHPPPPHHPPHPP,-18,514,Climbing_fold
PPCHHPPCHPPPPCHHHHCHHPPHHPPPPHHPPHPP,-18,515,Climbing_fold
PPCHHPPCHPPPPCHHHHCHHPPHHPPPPHHPPHPP,-18,516,Climbing_fold
PPCHHPPCHPPPPCHHHHCHHPPHHPPPPHHPPHPP,-18,517,Climbing_fold
PPCHHPPCHPPPPCHHHHCHHPPHHPPPPHHPPHPP,-18,518,Climbing_fold
PPCHHPPCHPPPPCHHHHCHHPPHHPPPPHHPPHPP,-18,519,Climbing_fold
PPCHHPPCHPPPPCHHHHCHHPPHHPPPPHHPPHPP,-18,520,Climbing_fold
PPCHHPPCHPPPPCHHHHCHHPPHHPPPPHHPPHPP,-18,521,Climbing_fold
PPCHHPPCHPPPPCHHHHCHHPPHHPPPPHHPPHPP,-18,522,Climbing_fold
PPCHHPPCHPPPPCHHHHCHHPPHHPPPPHHPPHPP,-18,523,Climbing_fold
PPCHHPPCHPPPPCHHHHCHHPPHHPPPPHHPPHPP,-18,524,Climbing_fold
PPCHHPPCHPPPPCHHHHCHHPPHHPPPPHHPPHPP,-18,525,Climbing_fold
PPCHHPPCHPPPPCHHHHCHHPPHHPPPPHHPPHPP,-18,526,Climbing_fold
PPCHHPPCHPPPPCHHHHCHHPPHHPPPPHHPPHPP,-18,527,Climbing_fold
PPCHHPPCHPPPPCHHHHCHHPPHHPPPPHHPPHPP,-18,528,Climbing_fold
PPCHHPPCHPPPPCHHHHCHHPPHHPPPPHHPPHPP,-18,529,Climbing_fold
PPCHHPPCHPPPPCHHHHCHHPPHHPPPPHHPPHPP,-18,530,Climbing_fold
PPCHHPPCHPPPPCHHHHCHHPPHHPPPPHHPPHPP,-18,531,Climbing_fold
PPCHHPPCHPPPPCHHHHCHHPPHHPPPPHHPPHPP,-18,532,Climbing_fold
PPCHHPPCHPPPPCHHHHCHHPPHHPPPPHHPPHPP,-18,533,Climbing_fold
PPCHHPPCHPPPPCHHHHCHHPPHHPPPPHHPPHPP,-18,534,Climbing_fold
PPCHHPPCHPPPPCHHHHCHHPPHHPPPPHHPPHPP,-18,535,Climbing_fold
PPCHHPPCHPPPPCHHHHCHHPPHHPPPPHHPPHPP,-18,536,Climbing_fold
PPCHHPPCHPPPPCHHHHCHHPPHHPPPPHHPPHPP,-18,537,Climbing_fold
PPCHHPPCHPPPPCHHHHCHHPPHHPPPPHHPPHPP,-18,538,Climbing_fold
PPCHHPPCHPPPPCHHHHCHHPPHHPPPPHHPPHPP,-18,539,Climbing_fold
PPCHHPPCHPPPPCHHHHCHHPPHHPPPPHHPPHPP,-18,540,Climbing_fold
PPCHHPPCHPPPPCHHHHCHHPPHHPPPPHHPPHPP,-18,541,Climbing_fold
PPCHHPPCHPPPPCHHHHCHHPPHHPPPPHHPPHPP,-18,542,Climbing_fold
PPCHHPPCHPPPPCHHHHCHHPPHHPPPPHHPPHPP,-18,543,Climbing_fold
PPCHHPPCHPPPPCHHHHCHHPPHHPPPPHHPPHPP,-18,544,Climbing_fold
PPCHHPPCHPPPPCHHHHCHHPPHHPPPPHHPPHPP,-18,545,Climbing_fold
PPCHHPPCHPPPPCHHHHCHHPPHHPPPPHHPPHPP,-18,546,Climbing_fold
PPCHHPPCHPPPPCHHHHCHHPPHHPPPPHHPPHPP,-18,547,Climbing_fold
PPCHHPPCHPPPPCHHHHCHHPPHHPPPPHHPPHPP,-18,548,Climbing_fold
PPCHHPPCHPPPPCHHHHCHHPPHHPPPPHHPPHPP,-18,549,Climbing_fold
PPCHHPPCHPPPPCHHHHCHHPPHHPPPPHHPPHPP,-18,550,Climbing_fold
PPCHHPPCHPPPPCHHHHCHHPPHHPPPPHHPPHPP,-18,551,Climbing_fold
PPCHHPPCHPPPPCHHHHCHHPPHHPPPPHHPPHPP,-18,552,Climbing_fold
PPCHHPPCHPPPPCHHHHCHHPPHHPPPPHHPPHPP,-18,553,Climbing_fold
PPCHHPPCHPPPPCHHHHCHHPPHHPPPPHHPPHPP,-18,554,Climbing_fold
PPCHHPPCHPPPPCHHHHCHHPPHHPPPPHHPPHPP,-18,555,Climbing_fold
PPCHHPPCHPPPPCHHHHCHHPPHHPPPPHHPPHPP,-18,556,Climbing_fold
PPCHHPPCHPPPPCHHHHCHHPPHHPPPPHHPPHPP,-18,557,Climbing_fold
PPCHHPPCHPPPPCHHHHCHHPPHHPPPPHHPPHPP,-18,558,Climbing_fold
PPCHHPPCHPPPPCHHHHCHHPPHHPPPPHHPPHPP,-18,559,Climbing_fold
PPCHHPPCHPPPPCHHHHCHHPPHHPPPPHHPPHPP,-18,560,Climbing_fold
PPCHHPPCHPPPPCHHHHCHHPPHHPPPPHHPPHPP,-18,561,Climbing_fold
PPCHHPPCHPPPPCHHHHCHHPPHHPPPPHHPPHPP,-18,562,Climbing_fold
PPCHHPPCHPPPPCHHHHCHHPPHHPPPPHHPPHPP,-18,563,Climbing_fold
PPCHHPPCHPPPPCHHHHCHHPPHHPPPPHHPPHPP,-18,564,Climbing_fold
PPCHHPPCHPPPPCHHHHCHHPPHHPPPPHHPPHPP,-18,565,Climbing_fold
PPCHHPPCHPPPPCHHHHCHHPPHHPPPPHHPPHPP,-18,566,Climbing_fold
PPCHHPPCHPPPPCHHHHCHHPPHHPPPPHHPPHPP,-18,567,Climbing_fold
PPCHHPPCHPPPPCHHHHCHHPPHHPPPPHHPPHPP,-18,568,Climbing_fold
PPCHHPPCHPPPPCHHHHCHHPPHHPPPPHHPPHPP,-18,569,Climbing_fold
PPCHHPPCHPPPPCHHHHCHHPPHHPPPPHHPPHPP,-18,570,Climbing_fold
PPCHHPPCHPPPPCHHHHCHHPPHHPPPPHHPPHPP,-18,571,Climbing_fold
PPCHHPPCHPPPPCHHHHCHHPPHHPPPPHHPPHPP,-18,572,Climbing_fold
PPCHHPPCHPPPPCHHHHCHHPPHHPPPPHHPPHPP,-18,573,Climbing_fold
PPCHHPPCHPPPPCHHHHCHHPPHHPPPPHHPPHPP,-18,574,Climbing_fold
PPCHHPPCHPPPPCHHHHCHHPPHHPPPPHHPPHPP,-18,575,Climbing_fold
PPCHHPPCHPPPPCHHHHCHHPPHHPPPPHHPPHPP,-18,576,Climbing_fold
PPCHHPPCHPPPPCHHHHCHHPPHHPPPPHHPPHPP,-18,577,Climbing_fold
PPCHHPPCHPPPPCHHHHCHHPPHHPPPPHHPPHPP,-18,578,Climbing_fold
PPCHHPPCHPPPPCHHHHCHHPPHHPPPPHHPPHPP,-18,579,Climbing_fold
PPCHHPPCHPPPPCHHHHCHHPPHHPPPPHHPPHPP,-18,580,Climbing_fold
PPCHHPPCHPPPPCHHHHCHHPPHHPPPPHHPPHPP,-18,581,Climbing_fold
PPCHHPPCHPPPPCHHHHCHHPPHHPPPPHHPPHPP,-18,582,Climbing_fold
PPCHHPPCHPPPPCHHHHCHHPPHHPPPPHHPPHPP,-18,583,Climbing_fold
PPCHHPPCHPPPPCHHHHCHHPPHHPPPPHHPPHPP,-18,584,Climbing_fold
PPCHHPPCHPPPPCHHHHCHHPPHHPPPPHHPPHPP,-18,585,Climbing_fold
PPCHHPPCHPPPPCHHHHCHHPPHHPPPPHHPPHPP,-18,586,Climbing_fold
PPCHHPPCHPPPPCHHHHCHHPPHHPPPPHHPPHPP,-18,587,Climbing_fold
PPCHHPPCHPPPPCHHHHCHHPPHHPPPPHHPPHPP,-18,588,Climbing_fold
PPCHHPPCHPPPPCHHHHCHHPPHHPPPPHHPPHPP,-18,589,Climbing_fold
PPCHHPPCHPPPPCHHHHCHHPPHHPPPPHHPPHPP,-18,590,Climbing_fold
PPCHHPPCHPPPPCHHHHCHHPPHHPPPPHHPPHPP,-18,591,Climbing_fold
PPCHHPPCHPPPPCHHHHCHHPPHHPPPPHHPPHPP,-18,592,Climbing_fold
PPCHHPPCHPPPPCHHHHCHHPPHHPPPPHHPPHPP,-18,593,Climbing_fold
PPCHHPPCHPPPPCHHHHCHHPPHHPPPPHHPPHPP,-18,594,Climbing_fold
PPCHHPPCHPPPPCHHHHCHHPPHHPPPPHHPPHPP,-18,595,Climbing_fold
PPCHHPPCHPPPPCHHHHCHHPPHHPPPPHHPPHPP,-18,596,Climbing_fold
PPCHHPPCHPPPPCHHHHCHHPPHHPPPPHHPPHPP,-18,597,Climbing_fold
PPCHHPPCHPPPPCHHHHCHHPPHHPPPPHHPPHPP,-18,598,Climbing_fold
PPCHHPPCHPPPPCHHHHCHHPPHHPPPPHHPPHPP,-18,599,Climbing_fold
PPCHHPPCHPPPPCHHHHCHHPPHHPPPPHHPPHPP,-18,600,Climbing_fold
PPCHHPPCHPPPPCHHHHCHHPPHHPPPPHHPPHPP,-18,601,Climbing_fold
PPCHHPPCHPPPPCHHHHCHHPPHHPPPPHHPPHPP,-18,602,Climbing_fold
PPCHHPPCHPPPPCHHHHCHHPPHHPPPPHHPPHPP,-18,603,Climbing_fold
PPCHHPPCHPPPPCHHHHCHHPPHHPPPPHHPPHPP,-18,604,Climbing_fold
PPCHHPPCHPPPPCHHHHCHHPPHHPPPPHHPPHPP,-18,605,Climbing_fold
PPCHHPPCHPPPPCHHHHCHHPPHHPPPPHHPPHPP,-18,606,Climbing_fold
PPCHHPPCHPPPPCHHHHCHHPPHHPPPPHHPPHPP,-18,607,Climbing_fold
PPCHHPPCHPPPPCHHHHCHHPPHHPPPPHHPPHPP,-18,608,Climbing_fold
PPCHHPPCHPPPPCHHHHCHHPPHHPPPPHHPPHPP,-18,609,Climbing_fold
PPCHHPPCHPPPPCHHHHCHHPPHHPPPPHHPPHPP,-18,610,Climbing_fold
PPCHHPPCHPPPPCHHHHCHHPPHHPPPPHHPPHPP,-18,611,Climbing_fold
PPCHHPPCHPPPPCHHHHCHHPPHHPPPPHHPPHPP,-18,612,Climbing_fold
PPCHHPPCHPPPPCHHHHCHHPPHHPPPPHHPPHPP,-18,613,Climbing_fold
PPCHHPPCHPPPPCHHHHCHHPPHHPPPPHHPPHPP,-18,614,Climbing_fold
PPCHHPPCHPPPPCHHHHCHHPPHHPPPPHHPPHPP,-18,615,Climbing_fold
PPCHHPPCHPPPPCHHHHCHHPPHHPPPPHHPPHPP,-18,616,Climbing_fold
PPCHHPPCHPPPPCHHHHCHHPPHHPPPPHHPPHPP,-18,617,Climbing_fold
PPCHHPPCHPPPPCHHHHCHHPPHHPPPPHHPPHPP,-18,618,Climbing_fold
PPCHHPPCHPPPPCHHHHCHHPPHHPPPPHHPPHPP,-18,619,Climbing_fold
PPCHHPPCHPPPPCHHHHCHHPPHHPPPPHHPPHPP,-18,620,Climbing_fold
PPCHHPPCHPPPPCHHHHCHHPPHHPPPPHHPPHPP,-18,621,Climbing_fold
PPCHHPPCHPPPPCHHHHCHHPPHHPPPPHHPPHPP,-18,622,Climbing_fold
PPCHHPPCHPPPPCHHHHCHHPPHHPPPPHHPPHPP,-18,623,Climbing_fold
PPCHHPPCHPPPPCHHHHCHHPPHHPPPPHHPPHPP,-18,624,Climbing_fold
PPCHHPPCHPPPPCHHHHCHHPPHHPPPPHHPPHPP,-18,625,Climbing_fold
PPCHHPPCHPPPPCHHHHCHHPPHHPPPPHHPPHPP,-18,626,Climbing_fold
PPCHHPPCHPPPPCHHHHCHHPPHHPPPPHHPPHPP,-18,627,Climbing_fold
PPCHHPPCHPPPPCHHHHCHHPPHHPPPPHHPPHPP,-18,628,Climbing_fold
PPCHHPPCHPPPPCHHHHCHHPPHHPPPPHHPPHPP,-18,629,Climbing_fold
PPCHHPPCHPPPPCHHHHCHHPPHHPPPPHHPPHPP,-18,630,Climbing_fold
PPCHHPPCHPPPPCHHHHCHHPPHHPPPPHHPPHPP,-18,631,Climbing_fold
PPCHHPPCHPPPPCHHHHCHHPPHHPPPPHHPPHPP,-18,632,Climbing_fold
PPCHHPPCHPPPPCHHHHCHHPPHHPPPPHHPPHPP,-18,633,Climbing_fold
PPCHHPPCHPPPPCHHHHCHHPPHHPPPPHHPPHPP,-18,634,Climbing_fold
PPCHHPPCHPPPPCHHHHCHHPPHHPPPPHHPPHPP,-18,635,Climbing_fold
PPCHHPPCHPPPPCHHHHCHHPPHHPPPPHHPPHPP,-18,636,Climbing_fold
PPCHHPPCHPPPPCHHHHCHHPPHHPPPPHHPPHPP,-18,637,Climbing_fold
PPCHHPPCHPPPPCHHHHCHHPPHHPPPPHHPPHPP,-18,638,Climbing_fold
PPCHHPPCHPPPPCHHHHCHHPPHHPPPPHHPPHPP,-18,639,Climbing_fold
PPCHHPPCHPPPPCHHHHCHHPPHHPPPPHHPPHPP,-18,640,Climbing_fold
PPCHHPPCHPPPPCHHHHCHHPPHHPPPPHHPPHPP,-18,641,Climbing_fold
PPCHHPPCHPPPPCHHHHCHHPPHHPPPPHHPPHPP,-18,642,Climbing_fold
PPCHHPPCHPPPPCHHHHCHHPPHHPPPPHHPPHPP,-18,643,Climbing_fold
PPCHHPPCHPPPPCHHHHCHHPPHHPPPPHHPPHPP,-18,644,Climbing_fold
PPCHHPPCHPPPPCHHHHCHHPPHHPPPPHHPPHPP,-18,645,Climbing_fold
PPCHHPPCHPPPPCHHHHCHHPPHHPPPPHHPPHPP,-18,646,Climbing_fold
PPCHHPPCHPPPPCHHHHCHHPPHHPPPPHHPPHPP,-18,647,Climbing_fold
PPCHHPPCHPPPPCHHHHCHHPPHHPPPPHHPPHPP,-18,648,Climbing_fold
PPCHHPPCHPPPPCHHHHCHHPPHHPPPPHHPPHPP,-18,649,Climbing_fold
PPCHHPPCHPPPPCHHHHCHHPPHHPPPPHHPPHPP,-18,650,Climbing_fold
PPCHHPPCHPPPPCHHHHCHHPPHHPPPPHHPPHPP,-18,651,Climbing_fold
PPCHHPPCHPPPPCHHHHCHHPPHHPPPPHHPPHPP,-18,652,Climbing_fold
PPCHHPPCHPPPPCHHHHCHHPPHHPPPPHHPPHPP,-18,653,Climbing_fold
PPCHHPPCHPPPPCHHHHCHHPPHHPPPPHHPPHPP,-18,654,Climbing_fold
PPCHHPPCHPPPPCHHHHCHHPPHHPPPPHHPPHPP,-18,655,Climbing_fold
PPCHHPPCHPPPPCHHHHCHHPPHHPPPPHHPPHPP,-18,656,Climbing_fold
PPCHHPPCHPPPPCHHHHCHHPPHHPPPPHHPPHPP,-18,657,Climbing_fold
PPCHHPPCHPPPPCHHHHCHHPPHHPPPPHHPPHPP,-18,658,Climbing_fold
PPCHHPPCHPPPPCHHHHCHHPPHHPPPPHHPPHPP,-18,659,Climbing_fold
PPCHHPPCHPPPPCHHHHCHHPPHHPPPPHHPPHPP,-18,660,Climbing_fold
PPCHHPPCHPPPPCHHHHCHHPPHHPPPPHHPPHPP,-18,661,Climbing_fold
PPCHHPPCHPPPPCHHHHCHHPPHHPPPPHHPPHPP,-18,662,Climbing_fold
PPCHHPPCHPPPPCHHHHCHHPPHHPPPPHHPPHPP,-18,663,Climbing_fold
PPCHHPPCHPPPPCHHHHCHHPPHHPPPPHHPPHPP,-18,664,Climbing_fold
PPCHHPPCHPPPPCHHHHCHHPPHHPPPPHHPPHPP,-18,665,Climbing_fold
PPCHHPPCHPPPPCHHHHCHHPPHHPPPPHHPPHPP,-18,666,Climbing_fold
PPCHHPPCHPPPPCHHHHCHHPPHHPPPPHHPPHPP,-18,667,Climbing_fold
PPCHHPPCHPPPPCHHHHCHHPPHHPPPPHHPPHPP,-18,668,Climbing_fold
PPCHHPPCHPPPPCHHHHCHHPPHHPPPPHHPPHPP,-18,669,Climbing_fold
PPCHHPPCHPPPPCHHHHCHHPPHHPPPPHHPPHPP,-18,670,Climbing_fold
PPCHHPPCHPPPPCHHHHCHHPPHHPPPPHHPPHPP,-18,671,Climbing_fold
PPCHHPPCHPPPPCHHHHCHHPPHHPPPPHHPPHPP,-18,672,Climbing_fold
PPCHHPPCHPPPPCHHHHCHHPPHHPPPPHHPPHPP,-18,673,Climbing_fold
PPCHHPPCHPPPPCHHHHCHHPPHHPPPPHHPPHPP,-18,674,Climbing_fold
PPCHHPPCHPPPPCHHHHCHHPPHHPPPPHHPPHPP,-18,675,Climbing_fold
PPCHHPPCHPPPPCHHHHCHHPPHHPPPPHHPPHPP,-18,676,Climbing_fold
PPCHHPPCHPPPPCHHHHCHHPPHHPPPPHHPPHPP,-18,677,Climbing_fold
PPCHHPPCHPPPPCHHHHCHHPPHHPPPPHHPPHPP,-18,678,Climbing_fold
PPCHHPPCHPPPPCHHHHCHHPPHHPPPPHHPPHPP,-18,679,Climbing_fold
PPCHHPPCHPPPPCHHHHCHHPPHHPPPPHHPPHPP,-18,680,Climbing_fold
PPCHHPPCHPPPPCHHHHCHHPPHHPPPPHHPPHPP,-18,681,Climbing_fold
PPCHHPPCHPPPPCHHHHCHHPPHHPPPPHHPPHPP,-18,682,Climbing_fold
PPCHHPPCHPPPPCHHHHCHHPPHHPPPPHHPPHPP,-18,683,Climbing_fold
PPCHHPPCHPPPPCHHHHCHHPPHHPPPPHHPPHPP,-18,684,Climbing_fold
PPCHHPPCHPPPPCHHHHCHHPPHHPPPPHHPPHPP,-18,685,Climbing_fold
PPCHHPPCHPPPPCHHHHCHHPPHHPPPPHHPPHPP,-18,686,Climbing_fold
PPCHHPPCHPPPPCHHHHCHHPPHHPPPPHHPPHPP,-18,687,Climbing_fold
PPCHHPPCHPPPPCHHHHCHHPPHHPPPPHHPPHPP,-18,688,Climbing_fold
PPCHHPPCHPPPPCHHHHCHHPPHHPPPPHHPPHPP,-18,689,Climbing_fold
PPCHHPPCHPPPPCHHHHCHHPPHHPPPPHHPPHPP,-18,690,Climbing_fold
PPCHHPPCHPPPPCHHHHCHHPPHHPPPPHHPPHPP,-18,691,Climbing_fold
PPCHHPPCHPPPPCHHHHCHHPPHHPPPPHHPPHPP,-18,692,Climbing_fold
PPCHHPPCHPPPPCHHHHCHHPPHHPPPPHHPPHPP,-18,693,Climbing_fold
PPCHHPPCHPPPPCHHHHCHHPPHHPPPPHHPPHPP,-18,694,Climbing_fold
PPCHHPPCHPPPPCHHHHCHHPPHHPPPPHHPPHPP,-18,695,Climbing_fold
PPCHHPPCHPPPPCHHHHCHHPPHHPPPPHHPPHPP,-18,696,Climbing_fold
PPCHHPPCHPPPPCHHHHCHHPPHHPPPPHHPPHPP,-18,697,Climbing_fold
PPCHHPPCHPPPPCHHHHCHHPPHHPPPPHHPPHPP,-18,698,Climbing_fold
PPCHHPPCHPPPPCHHHHCHHPPHHPPPPHHPPHPP,-18,699,Climbing_fold
PPCHHPPCHPPPPCHHHHCHHPPHHPPPPHHPPHPP,-18,700,Climbing_fold
PPCHHPPCHPPPPCHHHHCHHPPHHPPPPHHPPHPP,-18,701,Climbing_fold
PPCHHPPCHPPPPCHHHHCHHPPHHPPPPHHPPHPP,-18,702,Climbing_fold
PPCHHPPCHPPPPCHHHHCHHPPHHPPPPHHPPHPP,-18,703,Climbing_fold
PPCHHPPCHPPPPCHHHHCHHPPHHPPPPHHPPHPP,-18,704,Climbing_fold
PPCHHPPCHPPPPCHHHHCHHPPHHPPPPHHPPHPP,-18,705,Climbing_fold
PPCHHPPCHPPPPCHHHHCHHPPHHPPPPHHPPHPP,-18,706,Climbing_fold
PPCHHPPCHPPPPCHHHHCHHPPHHPPPPHHPPHPP,-18,707,Climbing_fold
PPCHHPPCHPPPPCHHHHCHHPPHHPPPPHHPPHPP,-18,708,Climbing_fold
PPCHHPPCHPPPPCHHHHCHHPPHHPPPPHHPPHPP,-18,709,Climbing_fold
PPCHHPPCHPPPPCHHHHCHHPPHHPPPPHHPPHPP,-18,710,Climbing_fold
PPCHHPPCHPPPPCHHHHCHHPPHHPPPPHHPPHPP,-18,711,Climbing_fold
PPCHHPPCHPPPPCHHHHCHHPPHHPPPPHHPPHPP,-18,712,Climbing_fold
PPCHHPPCHPPPPCHHHHCHHPPHHPPPPHHPPHPP,-18,713,Climbing_fold
PPCHHPPCHPPPPCHHHHCHHPPHHPPPPHHPPHPP,-18,714,Climbing_fold
PPCHHPPCHPPPPCHHHHCHHPPHHPPPPHHPPHPP,-18,715,Climbing_fold
PPCHHPPCHPPPPCHHHHCHHPPHHPPPPHHPPHPP,-18,716,Climbing_fold
PPCHHPPCHPPPPCHHHHCHHPPHHPPPPHHPPHPP,-18,717,Climbing_fold
PPCHHPPCHPPPPCHHHHCHHPPHHPPPPHHPPHPP,-18,718,Climbing_fold
PPCHHPPCHPPPPCHHHHCHHPPHHPPPPHHPPHPP,-18,719,Climbing_fold
PPCHHPPCHPPPPCHHHHCHHPPHHPPPPHHPPHPP,-18,720,Climbing_fold
PPCHHPPCHPPPPCHHHHCHHPPHHPPPPHHPPHPP,-18,721,Climbing_fold
PPCHHPPCHPPPPCHHHHCHHPPHHPPPPHHPPHPP,-18,722,Climbing_fold
PPCHHPPCHPPPPCHHHHCHHPPHHPPPPHHPPHPP,-18,723,Climbing_fold
PPCHHPPCHPPPPCHHHHCHHPPHHPPPPHHPPHPP,-18,724,Climbing_fold
PPCHHPPCHPPPPCHHHHCHHPPHHPPPPHHPPHPP,-18,725,Climbing_fold
PPCHHPPCHPPPPCHHHHCHHPPHHPPPPHHPPHPP,-18,726,Climbing_fold
PPCHHPPCHPPPPCHHHHCHHPPHHPPPPHHPPHPP,-18,727,Climbing_fold
PPCHHPPCHPPPPCHHHHCHHPPHHPPPPHHPPHPP,-18,728,Climbing_fold
PPCHHPPCHPPPPCHHHHCHHPPHHPPPPHHPPHPP,-18,729,Climbing_fold
PPCHHPPCHPPPPCHHHHCHHPPHHPPPPHHPPHPP,-18,730,Climbing_fold
PPCHHPPCHPPPPCHHHHCHHPPHHPPPPHHPPHPP,-18,731,Climbing_fold
PPCHHPPCHPPPPCHHHHCHHPPHHPPPPHHPPHPP,-18,732,Climbing_fold
PPCHHPPCHPPPPCHHHHCHHPPHHPPPPHHPPHPP,-18,733,Climbing_fold
PPCHHPPCHPPPPCHHHHCHHPPHHPPPPHHPPHPP,-18,734,Climbing_fold
PPCHHPPCHPPPPCHHHHCHHPPHHPPPPHHPPHPP,-18,735,Climbing_fold
PPCHHPPCHPPPPCHHHHCHHPPHHPPPPHHPPHPP,-18,736,Climbing_fold
PPCHHPPCHPPPPCHHHHCHHPPHHPPPPHHPPHPP,-18,737,Climbing_fold
PPCHHPPCHPPPPCHHHHCHHPPHHPPPPHHPPHPP,-18,738,Climbing_fold
PPCHHPPCHPPPPCHHHHCHHPPHHPPPPHHPPHPP,-18,739,Climbing_fold
PPCHHPPCHPPPPCHHHHCHHPPHHPPPPHHPPHPP,-18,740,Climbing_fold
PPCHHPPCHPPPPCHHHHCHHPPHHPPPPHHPPHPP,-18,741,Climbing_fold
PPCHHPPCHPPPPCHHHHCHHPPHHPPPPHHPPHPP,-18,742,Climbing_fold
PPCHHPPCHPPPPCHHHHCHHPPHHPPPPHHPPHPP,-18,743,Climbing_fold
PPCHHPPCHPPPPCHHHHCHHPPHHPPPPHHPPHPP,-18,744,Climbing_fold
PPCHHPPCHPPPPCHHHHCHHPPHHPPPPHHPPHPP,-18,745,Climbing_fold
PPCHHPPCHPPPPCHHHHCHHPPHHPPPPHHPPHPP,-18,746,Climbing_fold
PPCHHPPCHPPPPCHHHHCHHPPHHPPPPHHPPHPP,-18,747,Climbing_fold
PPCHHPPCHPPPPCHHHHCHHPPHHPPPPHHPPHPP,-18,748,Climbing_fold
PPCHHPPCHPPPPCHHHHCHHPPHHPPPPHHPPHPP,-18,749,Climbing_fold
PPCHHPPCHPPPPCHHHHCHHPPHHPPPPHHPPHPP,-18,750,Climbing_fold
PPCHHPPCHPPPPCHHHHCHHPPHHPPPPHHPPHPP,-18,751,Climbing_fold
PPCHHPPCHPPPPCHHHHCHHPPHHPPPPHHPPHPP,-18,752,Climbing_fold
PPCHHPPCHPPPPCHHHHCHHPPHHPPPPHHPPHPP,-18,753,Climbing_fold
PPCHHPPCHPPPPCHHHHCHHPPHHPPPPHHPPHPP,-18,754,Climbing_fold
PPCHHPPCHPPPPCHHHHCHHPPHHPPPPHHPPHPP,-18,755,Climbing_fold
PPCHHPPCHPPPPCHHHHCHHPPHHPPPPHHPPHPP,-18,756,Climbing_fold
PPCHHPPCHPPPPCHHHHCHHPPHHPPPPHHPPHPP,-18,757,Climbing_fold
PPCHHPPCHPPPPCHHHHCHHPPHHPPPPHHPPHPP,-18,758,Climbing_fold
PPCHHPPCHPPPPCHHHHCHHPPHHPPPPHHPPHPP,-18,759,Climbing_fold
PPCHHPPCHPPPPCHHHHCHHPPHHPPPPHHPPHPP,-18,760,Climbing_fold
PPCHHPPCHPPPPCHHHHCHHPPHHPPPPHHPPHPP,-18,761,Climbing_fold
PPCHHPPCHPPPPCHHHHCHHPPHHPPPPHHPPHPP,-18,762,Climbing_fold
PPCHHPPCHPPPPCHHHHCHHPPHHPPPPHHPPHPP,-18,763,Climbing_fold
PPCHHPPCHPPPPCHHHHCHHPPHHPPPPHHPPHPP,-18,764,Climbing_fold
PPCHHPPCHPPPPCHHHHCHHPPHHPPPPHHPPHPP,-18,765,Climbing_fold
PPCHHPPCHPPPPCHHHHCHHPPHHPPPPHHPPHPP,-18,766,Climbing_fold
PPCHHPPCHPPPPCHHHHCHHPPHHPPPPHHPPHPP,-18,767,Climbing_fold
PPCHHPPCHPPPPCHHHHCHHPPHHPPPPHHPPHPP,-18,768,Climbing_fold
PPCHHPPCHPPPPCHHHHCHHPPHHPPPPHHPPHPP,-18,769,Climbing_fold
PPCHHPPCHPPPPCHHHHCHHPPHHPPPPHHPPHPP,-18,770,Climbing_fold
PPCHHPPCHPPPPCHHHHCHHPPHHPPPPHHPPHPP,-18,771,Climbing_fold
PPCHHPPCHPPPPCHHHHCHHPPHHPPPPHHPPHPP,-18,772,Climbing_fold
PPCHHPPCHPPPPCHHHHCHHPPHHPPPPHHPPHPP,-18,773,Climbing_fold
PPCHHPPCHPPPPCHHHHCHHPPHHPPPPHHPPHPP,-18,774,Climbing_fold
PPCHHPPCHPPPPCHHHHCHHPPHHPPPPHHPPHPP,-18,775,Climbing_fold
PPCHHPPCHPPPPCHHHHCHHPPHHPPPPHHPPHPP,-18,776,Climbing_fold
PPCHHPPCHPPPPCHHHHCHHPPHHPPPPHHPPHPP,-18,777,Climbing_fold
PPCHHPPCHPPPPCHHHHCHHPPHHPPPPHHPPHPP,-18,778,Climbing_fold
PPCHHPPCHPPPPCHHHHCHHPPHHPPPPHHPPHPP,-18,779,Climbing_fold
PPCHHPPCHPPPPCHHHHCHHPPHHPPPPHHPPHPP,-18,780,Climbing_fold
PPCHHPPCHPPPPCHHHHCHHPPHHPPPPHHPPHPP,-18,781,Climbing_fold
PPCHHPPCHPPPPCHHHHCHHPPHHPPPPHHPPHPP,-18,782,Climbing_fold
PPCHHPPCHPPPPCHHHHCHHPPHHPPPPHHPPHPP,-18,783,Climbing_fold
PPCHHPPCHPPPPCHHHHCHHPPHHPPPPHHPPHPP,-18,784,Climbing_fold
PPCHHPPCHPPPPCHHHHCHHPPHHPPPPHHPPHPP,-18,785,Climbing_fold
PPCHHPPCHPPPPCHHHHCHHPPHHPPPPHHPPHPP,-18,786,Climbing_fold
PPCHHPPCHPPPPCHHHHCHHPPHHPPPPHHPPHPP,-18,787,Climbing_fold
PPCHHPPCHPPPPCHHHHCHHPPHHPPPPHHPPHPP,-18,788,Climbing_fold
PPCHHPPCHPPPPCHHHHCHHPPHHPPPPHHPPHPP,-18,789,Climbing_fold
PPCHHPPCHPPPPCHHHHCHHPPHHPPPPHHPPHPP,-18,790,Climbing_fold
PPCHHPPCHPPPPCHHHHCHHPPHHPPPPHHPPHPP,-18,791,Climbing_fold
PPCHHPPCHPPPPCHHHHCHHPPHHPPPPHHPPHPP,-18,792,Climbing_fold
PPCHHPPCHPPPPCHHHHCHHPPHHPPPPHHPPHPP,-18,793,Climbing_fold
PPCHHPPCHPPPPCHHHHCHHPPHHPPPPHHPPHPP,-18,794,Climbing_fold
PPCHHPPCHPPPPCHHHHCHHPPHHPPPPHHPPHPP,-18,795,Climbing_fold
PPCHHPPCHPPPPCHHHHCHHPPHHPPPPHHPPHPP,-18,796,Climbing_fold
PPCHHPPCHPPPPCHHHHCHHPPHHPPPPHHPPHPP,-18,797,Climbing_fold
PPCHHPPCHPPPPCHHHHCHHPPHHPPPPHHPPHPP,-18,798,Climbing_fold
PPCHHPPCHPPPPCHHHHCHHPPHHPPPPHHPPHPP,-18,799,Climbing_fold
PPCHHPPCHPPPPCHHHHCHHPPHHPPPPHHPPHPP,-18,800,Climbing_fold
PPCHHPPCHPPPPCHHHHCHHPPHHPPPPHHPPHPP,-18,801,Climbing_fold
PPCHHPPCHPPPPCHHHHCHHPPHHPPPPHHPPHPP,-18,802,Climbing_fold
PPCHHPPCHPPPPCHHHHCHHPPHHPPPPHHPPHPP,-18,803,Climbing_fold
PPCHHPPCHPPPPCHHHHCHHPPHHPPPPHHPPHPP,-18,804,Climbing_fold
PPCHHPPCHPPPPCHHHHCHHPPHHPPPPHHPPHPP,-18,805,Climbing_fold
PPCHHPPCHPPPPCHHHHCHHPPHHPPPPHHPPHPP,-18,806,Climbing_fold
PPCHHPPCHPPPPCHHHHCHHPPHHPPPPHHPPHPP,-18,807,Climbing_fold
PPCHHPPCHPPPPCHHHHCHHPPHHPPPPHHPPHPP,-18,808,Climbing_fold
PPCHHPPCHPPPPCHHHHCHHPPHHPPPPHHPPHPP,-18,809,Climbing_fold
PPCHHPPCHPPPPCHHHHCHHPPHHPPPPHHPPHPP,-18,810,Climbing_fold
PPCHHPPCHPPPPCHHHHCHHPPHHPPPPHHPPHPP,-18,811,Climbing_fold
PPCHHPPCHPPPPCHHHHCHHPPHHPPPPHHPPHPP,-18,812,Climbing_fold
PPCHHPPCHPPPPCHHHHCHHPPHHPPPPHHPPHPP,-18,813,Climbing_fold
PPCHHPPCHPPPPCHHHHCHHPPHHPPPPHHPPHPP,-18,814,Climbing_fold
PPCHHPPCHPPPPCHHHHCHHPPHHPPPPHHPPHPP,-18,815,Climbing_fold
PPCHHPPCHPPPPCHHHHCHHPPHHPPPPHHPPHPP,-18,816,Climbing_fold
PPCHHPPCHPPPPCHHHHCHHPPHHPPPPHHPPHPP,-18,817,Climbing_fold
PPCHHPPCHPPPPCHHHHCHHPPHHPPPPHHPPHPP,-18,818,Climbing_fold
PPCHHPPCHPPPPCHHHHCHHPPHHPPPPHHPPHPP,-18,819,Climbing_fold
PPCHHPPCHPPPPCHHHHCHHPPHHPPPPHHPPHPP,-18,820,Climbing_fold
PPCHHPPCHPPPPCHHHHCHHPPHHPPPPHHPPHPP,-18,821,Climbing_fold
PPCHHPPCHPPPPCHHHHCHHPPHHPPPPHHPPHPP,-18,822,Climbing_fold
PPCHHPPCHPPPPCHHHHCHHPPHHPPPPHHPPHPP,-18,823,Climbing_fold
PPCHHPPCHPPPPCHHHHCHHPPHHPPPPHHPPHPP,-18,824,Climbing_fold
PPCHHPPCHPPPPCHHHHCHHPPHHPPPPHHPPHPP,-18,825,Climbing_fold
PPCHHPPCHPPPPCHHHHCHHPPHHPPPPHHPPHPP,-18,826,Climbing_fold
PPCHHPPCHPPPPCHHHHCHHPPHHPPPPHHPPHPP,-18,827,Climbing_fold
PPCHHPPCHPPPPCHHHHCHHPPHHPPPPHHPPHPP,-18,828,Climbing_fold
PPCHHPPCHPPPPCHHHHCHHPPHHPPPPHHPPHPP,-18,829,Climbing_fold
PPCHHPPCHPPPPCHHHHCHHPPHHPPPPHHPPHPP,-18,830,Climbing_fold
PPCHHPPCHPPPPCHHHHCHHPPHHPPPPHHPPHPP,-18,831,Climbing_fold
PPCHHPPCHPPPPCHHHHCHHPPHHPPPPHHPPHPP,-18,832,Climbing_fold
PPCHHPPCHPPPPCHHHHCHHPPHHPPPPHHPPHPP,-18,833,Climbing_fold
PPCHHPPCHPPPPCHHHHCHHPPHHPPPPHHPPHPP,-18,834,Climbing_fold
PPCHHPPCHPPPPCHHHHCHHPPHHPPPPHHPPHPP,-18,835,Climbing_fold
PPCHHPPCHPPPPCHHHHCHHPPHHPPPPHHPPHPP,-18,836,Climbing_fold
PPCHHPPCHPPPPCHHHHCHHPPHHPPPPHHPPHPP,-18,837,Climbing_fold
PPCHHPPCHPPPPCHHHHCHHPPHHPPPPHHPPHPP,-18,838,Climbing_fold
PPCHHPPCHPPPPCHHHHCHHPPHHPPPPHHPPHPP,-18,839,Climbing_fold
PPCHHPPCHPPPPCHHHHCHHPPHHPPPPHHPPHPP,-18,840,Climbing_fold
PPCHHPPCHPPPPCHHHHCHHPPHHPPPPHHPPHPP,-18,841,Climbing_fold
PPCHHPPCHPPPPCHHHHCHHPPHHPPPPHHPPHPP,-18,842,Climbing_fold
PPCHHPPCHPPPPCHHHHCHHPPHHPPPPHHPPHPP,-18,843,Climbing_fold
PPCHHPPCHPPPPCHHHHCHHPPHHPPPPHHPPHPP,-18,844,Climbing_fold
PPCHHPPCHPPPPCHHHHCHHPPHHPPPPHHPPHPP,-18,845,Climbing_fold
PPCHHPPCHPPPPCHHHHCHHPPHHPPPPHHPPHPP,-18,846,Climbing_fold
PPCHHPPCHPPPPCHHHHCHHPPHHPPPPHHPPHPP,-18,847,Climbing_fold
PPCHHPPCHPPPPCHHHHCHHPPHHPPPPHHPPHPP,-18,848,Climbing_fold
PPCHHPPCHPPPPCHHHHCHHPPHHPPPPHHPPHPP,-18,849,Climbing_fold
PPCHHPPCHPPPPCHHHHCHHPPHHPPPPHHPPHPP,-18,850,Climbing_fold
PPCHHPPCHPPPPCHHHHCHHPPHHPPPPHHPPHPP,-18,851,Climbing_fold
PPCHHPPCHPPPPCHHHHCHHPPHHPPPPHHPPHPP,-18,852,Climbing_fold
PPCHHPPCHPPPPCHHHHCHHPPHHPPPPHHPPHPP,-18,853,Climbing_fold
PPCHHPPCHPPPPCHHHHCHHPPHHPPPPHHPPHPP,-18,854,Climbing_fold
PPCHHPPCHPPPPCHHHHCHHPPHHPPPPHHPPHPP,-18,855,Climbing_fold
PPCHHPPCHPPPPCHHHHCHHPPHHPPPPHHPPHPP,-18,856,Climbing_fold
PPCHHPPCHPPPPCHHHHCHHPPHHPPPPHHPPHPP,-18,857,Climbing_fold
PPCHHPPCHPPPPCHHHHCHHPPHHPPPPHHPPHPP,-18,858,Climbing_fold
PPCHHPPCHPPPPCHHHHCHHPPHHPPPPHHPPHPP,-18,859,Climbing_fold
PPCHHPPCHPPPPCHHHHCHHPPHHPPPPHHPPHPP,-18,860,Climbing_fold
PPCHHPPCHPPPPCHHHHCHHPPHHPPPPHHPPHPP,-18,861,Climbing_fold
PPCHHPPCHPPPPCHHHHCHHPPHHPPPPHHPPHPP,-18,862,Climbing_fold
PPCHHPPCHPPPPCHHHHCHHPPHHPPPPHHPPHPP,-18,863,Climbing_fold
PPCHHPPCHPPPPCHHHHCHHPPHHPPPPHHPPHPP,-18,864,Climbing_fold
PPCHHPPCHPPPPCHHHHCHHPPHHPPPPHHPPHPP,-18,865,Climbing_fold
PPCHHPPCHPPPPCHHHHCHHPPHHPPPPHHPPHPP,-18,866,Climbing_fold
PPCHHPPCHPPPPCHHHHCHHPPHHPPPPHHPPHPP,-18,867,Climbing_fold
PPCHHPPCHPPPPCHHHHCHHPPHHPPPPHHPPHPP,-18,868,Climbing_fold
PPCHHPPCHPPPPCHHHHCHHPPHHPPPPHHPPHPP,-18,869,Climbing_fold
PPCHHPPCHPPPPCHHHHCHHPPHHPPPPHHPPHPP,-18,870,Climbing_fold
PPCHHPPCHPPPPCHHHHCHHPPHHPPPPHHPPHPP,-18,871,Climbing_fold
PPCHHPPCHPPPPCHHHHCHHPPHHPPPPHHPPHPP,-18,872,Climbing_fold
PPCHHPPCHPPPPCHHHHCHHPPHHPPPPHHPPHPP,-18,873,Climbing_fold
PPCHHPPCHPPPPCHHHHCHHPPHHPPPPHHPPHPP,-18,874,Climbing_fold
PPCHHPPCHPPPPCHHHHCHHPPHHPPPPHHPPHPP,-18,875,Climbing_fold
PPCHHPPCHPPPPCHHHHCHHPPHHPPPPHHPPHPP,-18,876,Climbing_fold
PPCHHPPCHPPPPCHHHHCHHPPHHPPPPHHPPHPP,-18,877,Climbing_fold
PPCHHPPCHPPPPCHHHHCHHPPHHPPPPHHPPHPP,-18,878,Climbing_fold
PPCHHPPCHPPPPCHHHHCHHPPHHPPPPHHPPHPP,-18,879,Climbing_fold
PPCHHPPCHPPPPCHHHHCHHPPHHPPPPHHPPHPP,-18,880,Climbing_fold
PPCHHPPCHPPPPCHHHHCHHPPHHPPPPHHPPHPP,-18,881,Climbing_fold
PPCHHPPCHPPPPCHHHHCHHPPHHPPPPHHPPHPP,-18,882,Climbing_fold
PPCHHPPCHPPPPCHHHHCHHPPHHPPPPHHPPHPP,-18,883,Climbing_fold
PPCHHPPCHPPPPCHHHHCHHPPHHPPPPHHPPHPP,-18,884,Climbing_fold
PPCHHPPCHPPPPCHHHHCHHPPHHPPPPHHPPHPP,-18,885,Climbing_fold
PPCHHPPCHPPPPCHHHHCHHPPHHPPPPHHPPHPP,-18,886,Climbing_fold
PPCHHPPCHPPPPCHHHHCHHPPHHPPPPHHPPHPP,-18,887,Climbing_fold
PPCHHPPCHPPPPCHHHHCHHPPHHPPPPHHPPHPP,-18,888,Climbing_fold
PPCHHPPCHPPPPCHHHHCHHPPHHPPPPHHPPHPP,-18,889,Climbing_fold
PPCHHPPCHPPPPCHHHHCHHPPHHPPPPHHPPHPP,-18,890,Climbing_fold
PPCHHPPCHPPPPCHHHHCHHPPHHPPPPHHPPHPP,-18,891,Climbing_fold
PPCHHPPCHPPPPCHHHHCHHPPHHPPPPHHPPHPP,-18,892,Climbing_fold
PPCHHPPCHPPPPCHHHHCHHPPHHPPPPHHPPHPP,-18,893,Climbing_fold
PPCHHPPCHPPPPCHHHHCHHPPHHPPPPHHPPHPP,-18,894,Climbing_fold
PPCHHPPCHPPPPCHHHHCHHPPHHPPPPHHPPHPP,-18,895,Climbing_fold
PPCHHPPCHPPPPCHHHHCHHPPHHPPPPHHPPHPP,-18,896,Climbing_fold
PPCHHPPCHPPPPCHHHHCHHPPHHPPPPHHPPHPP,-18,897,Climbing_fold
PPCHHPPCHPPPPCHHHHCHHPPHHPPPPHHPPHPP,-18,898,Climbing_fold
PPCHHPPCHPPPPCHHHHCHHPPHHPPPPHHPPHPP,-18,899,Climbing_fold
PPCHHPPCHPPPPCHHHHCHHPPHHPPPPHHPPHPP,-18,900,Climbing_fold
PPCHHPPCHPPPPCHHHHCHHPPHHPPPPHHPPHPP,-18,901,Climbing_fold
PPCHHPPCHPPPPCHHHHCHHPPHHPPPPHHPPHPP,-18,902,Climbing_fold
PPCHHPPCHPPPPCHHHHCHHPPHHPPPPHHPPHPP,-18,903,Climbing_fold
PPCHHPPCHPPPPCHHHHCHHPPHHPPPPHHPPHPP,-18,904,Climbing_fold
PPCHHPPCHPPPPCHHHHCHHPPHHPPPPHHPPHPP,-18,905,Climbing_fold
PPCHHPPCHPPPPCHHHHCHHPPHHPPPPHHPPHPP,-18,906,Climbing_fold
PPCHHPPCHPPPPCHHHHCHHPPHHPPPPHHPPHPP,-18,907,Climbing_fold
PPCHHPPCHPPPPCHHHHCHHPPHHPPPPHHPPHPP,-18,908,Climbing_fold
PPCHHPPCHPPPPCHHHHCHHPPHHPPPPHHPPHPP,-18,909,Climbing_fold
PPCHHPPCHPPPPCHHHHCHHPPHHPPPPHHPPHPP,-18,910,Climbing_fold
PPCHHPPCHPPPPCHHHHCHHPPHHPPPPHHPPHPP,-18,911,Climbing_fold
PPCHHPPCHPPPPCHHHHCHHPPHHPPPPHHPPHPP,-18,912,Climbing_fold
PPCHHPPCHPPPPCHHHHCHHPPHHPPPPHHPPHPP,-18,913,Climbing_fold
PPCHHPPCHPPPPCHHHHCHHPPHHPPPPHHPPHPP,-18,914,Climbing_fold
PPCHHPPCHPPPPCHHHHCHHPPHHPPPPHHPPHPP,-18,915,Climbing_fold
PPCHHPPCHPPPPCHHHHCHHPPHHPPPPHHPPHPP,-18,916,Climbing_fold
PPCHHPPCHPPPPCHHHHCHHPPHHPPPPHHPPHPP,-18,917,Climbing_fold
PPCHHPPCHPPPPCHHHHCHHPPHHPPPPHHPPHPP,-18,918,Climbing_fold
PPCHHPPCHPPPPCHHHHCHHPPHHPPPPHHPPHPP,-18,919,Climbing_fold
PPCHHPPCHPPPPCHHHHCHHPPHHPPPPHHPPHPP,-18,920,Climbing_fold
PPCHHPPCHPPPPCHHHHCHHPPHHPPPPHHPPHPP,-18,921,Climbing_fold
PPCHHPPCHPPPPCHHHHCHHPPHHPPPPHHPPHPP,-18,922,Climbing_fold
PPCHHPPCHPPPPCHHHHCHHPPHHPPPPHHPPHPP,-18,923,Climbing_fold
PPCHHPPCHPPPPCHHHHCHHPPHHPPPPHHPPHPP,-18,924,Climbing_fold
PPCHHPPCHPPPPCHHHHCHHPPHHPPPPHHPPHPP,-18,925,Climbing_fold
PPCHHPPCHPPPPCHHHHCHHPPHHPPPPHHPPHPP,-18,926,Climbing_fold
PPCHHPPCHPPPPCHHHHCHHPPHHPPPPHHPPHPP,-18,927,Climbing_fold
PPCHHPPCHPPPPCHHHHCHHPPHHPPPPHHPPHPP,-18,928,Climbing_fold
PPCHHPPCHPPPPCHHHHCHHPPHHPPPPHHPPHPP,-18,929,Climbing_fold
PPCHHPPCHPPPPCHHHHCHHPPHHPPPPHHPPHPP,-18,930,Climbing_fold
PPCHHPPCHPPPPCHHHHCHHPPHHPPPPHHPPHPP,-18,931,Climbing_fold
PPCHHPPCHPPPPCHHHHCHHPPHHPPPPHHPPHPP,-18,932,Climbing_fold
PPCHHPPCHPPPPCHHHHCHHPPHHPPPPHHPPHPP,-18,933,Climbing_fold
PPCHHPPCHPPPPCHHHHCHHPPHHPPPPHHPPHPP,-18,934,Climbing_fold
PPCHHPPCHPPPPCHHHHCHHPPHHPPPPHHPPHPP,-18,935,Climbing_fold
PPCHHPPCHPPPPCHHHHCHHPPHHPPPPHHPPHPP,-18,936,Climbing_fold
PPCHHPPCHPPPPCHHHHCHHPPHHPPPPHHPPHPP,-18,937,Climbing_fold
PPCHHPPCHPPPPCHHHHCHHPPHHPPPPHHPPHPP,-18,938,Climbing_fold
PPCHHPPCHPPPPCHHHHCHHPPHHPPPPHHPPHPP,-18,939,Climbing_fold
PPCHHPPCHPPPPCHHHHCHHPPHHPPPPHHPPHPP,-18,940,Climbing_fold
PPCHHPPCHPPPPCHHHHCHHPPHHPPPPHHPPHPP,-18,941,Climbing_fold
PPCHHPPCHPPPPCHHHHCHHPPHHPPPPHHPPHPP,-18,942,Climbing_fold
PPCHHPPCHPPPPCHHHHCHHPPHHPPPPHHPPHPP,-18,943,Climbing_fold
PPCHHPPCHPPPPCHHHHCHHPPHHPPPPHHPPHPP,-18,944,Climbing_fold
PPCHHPPCHPPPPCHHHHCHHPPHHPPPPHHPPHPP,-18,945,Climbing_fold
PPCHHPPCHPPPPCHHHHCHHPPHHPPPPHHPPHPP,-18,946,Climbing_fold
PPCHHPPCHPPPPCHHHHCHHPPHHPPPPHHPPHPP,-18,947,Climbing_fold
PPCHHPPCHPPPPCHHHHCHHPPHHPPPPHHPPHPP,-18,948,Climbing_fold
PPCHHPPCHPPPPCHHHHCHHPPHHPPPPHHPPHPP,-18,949,Climbing_fold
PPCHHPPCHPPPPCHHHHCHHPPHHPPPPHHPPHPP,-18,950,Climbing_fold
PPCHHPPCHPPPPCHHHHCHHPPHHPPPPHHPPHPP,-18,951,Climbing_fold
PPCHHPPCHPPPPCHHHHCHHPPHHPPPPHHPPHPP,-18,952,Climbing_fold
PPCHHPPCHPPPPCHHHHCHHPPHHPPPPHHPPHPP,-18,953,Climbing_fold
PPCHHPPCHPPPPCHHHHCHHPPHHPPPPHHPPHPP,-18,954,Climbing_fold
PPCHHPPCHPPPPCHHHHCHHPPHHPPPPHHPPHPP,-18,955,Climbing_fold
PPCHHPPCHPPPPCHHHHCHHPPHHPPPPHHPPHPP,-18,956,Climbing_fold
PPCHHPPCHPPPPCHHHHCHHPPHHPPPPHHPPHPP,-18,957,Climbing_fold
PPCHHPPCHPPPPCHHHHCHHPPHHPPPPHHPPHPP,-18,958,Climbing_fold
PPCHHPPCHPPPPCHHHHCHHPPHHPPPPHHPPHPP,-18,959,Climbing_fold
PPCHHPPCHPPPPCHHHHCHHPPHHPPPPHHPPHPP,-18,960,Climbing_fold
PPCHHPPCHPPPPCHHHHCHHPPHHPPPPHHPPHPP,-18,961,Climbing_fold
PPCHHPPCHPPPPCHHHHCHHPPHHPPPPHHPPHPP,-18,962,Climbing_fold
PPCHHPPCHPPPPCHHHHCHHPPHHPPPPHHPPHPP,-18,963,Climbing_fold
PPCHHPPCHPPPPCHHHHCHHPPHHPPPPHHPPHPP,-18,964,Climbing_fold
PPCHHPPCHPPPPCHHHHCHHPPHHPPPPHHPPHPP,-18,965,Climbing_fold
PPCHHPPCHPPPPCHHHHCHHPPHHPPPPHHPPHPP,-18,966,Climbing_fold
PPCHHPPCHPPPPCHHHHCHHPPHHPPPPHHPPHPP,-18,967,Climbing_fold
PPCHHPPCHPPPPCHHHHCHHPPHHPPPPHHPPHPP,-18,968,Climbing_fold
PPCHHPPCHPPPPCHHHHCHHPPHHPPPPHHPPHPP,-18,969,Climbing_fold
PPCHHPPCHPPPPCHHHHCHHPPHHPPPPHHPPHPP,-18,970,Climbing_fold
PPCHHPPCHPPPPCHHHHCHHPPHHPPPPHHPPHPP,-18,971,Climbing_fold
PPCHHPPCHPPPPCHHHHCHHPPHHPPPPHHPPHPP,-18,972,Climbing_fold
PPCHHPPCHPPPPCHHHHCHHPPHHPPPPHHPPHPP,-18,973,Climbing_fold
PPCHHPPCHPPPPCHHHHCHHPPHHPPPPHHPPHPP,-18,974,Climbing_fold
PPCHHPPCHPPPPCHHHHCHHPPHHPPPPHHPPHPP,-18,975,Climbing_fold
PPCHHPPCHPPPPCHHHHCHHPPHHPPPPHHPPHPP,-18,976,Climbing_fold
PPCHHPPCHPPPPCHHHHCHHPPHHPPPPHHPPHPP,-18,977,Climbing_fold
PPCHHPPCHPPPPCHHHHCHHPPHHPPPPHHPPHPP,-18,978,Climbing_fold
PPCHHPPCHPPPPCHHHHCHHPPHHPPPPHHPPHPP,-18,979,Climbing_fold
PPCHHPPCHPPPPCHHHHCHHPPHHPPPPHHPPHPP,-18,980,Climbing_fold
PPCHHPPCHPPPPCHHHHCHHPPHHPPPPHHPPHPP,-18,981,Climbing_fold
PPCHHPPCHPPPPCHHHHCHHPPHHPPPPHHPPHPP,-18,982,Climbing_fold
PPCHHPPCHPPPPCHHHHCHHPPHHPPPPHHPPHPP,-18,983,Climbing_fold
PPCHHPPCHPPPPCHHHHCHHPPHHPPPPHHPPHPP,-18,984,Climbing_fold
PPCHHPPCHPPPPCHHHHCHHPPHHPPPPHHPPHPP,-18,985,Climbing_fold
PPCHHPPCHPPPPCHHHHCHHPPHHPPPPHHPPHPP,-18,986,Climbing_fold
PPCHHPPCHPPPPCHHHHCHHPPHHPPPPHHPPHPP,-18,987,Climbing_fold
PPCHHPPCHPPPPCHHHHCHHPPHHPPPPHHPPHPP,-18,988,Climbing_fold
PPCHHPPCHPPPPCHHHHCHHPPHHPPPPHHPPHPP,-18,989,Climbing_fold
PPCHHPPCHPPPPCHHHHCHHPPHHPPPPHHPPHPP,-18,990,Climbing_fold
PPCHHPPCHPPPPCHHHHCHHPPHHPPPPHHPPHPP,-18,991,Climbing_fold
PPCHHPPCHPPPPCHHHHCHHPPHHPPPPHHPPHPP,-18,992,Climbing_fold
PPCHHPPCHPPPPCHHHHCHHPPHHPPPPHHPPHPP,-18,993,Climbing_fold
PPCHHPPCHPPPPCHHHHCHHPPHHPPPPHHPPHPP,-18,994,Climbing_fold
PPCHHPPCHPPPPCHHHHCHHPPHHPPPPHHPPHPP,-18,995,Climbing_fold
PPCHHPPCHPPPPCHHHHCHHPPHHPPPPHHPPHPP,-18,996,Climbing_fold
PPCHHPPCHPPPPCHHHHCHHPPHHPPPPHHPPHPP,-18,997,Climbing_fold
PPCHHPPCHPPPPCHHHHCHHPPHHPPPPHHPPHPP,-18,998,Climbing_fold
PPCHHPPCHPPPPCHHHHCHHPPHHPPPPHHPPHPP,-18,999,Climbing_fold
PPCHHPPCHPPPPCHHHHCHHPPHHPPPPHHPPHPP,-18,1000,Climbing_fold
