Protein,Stability,Time,Algorithm
PPCHHPPCHPPPPCHHHHCHHPPHHPPPPHHPPHPP,-18,39.66435075501795,Gen_7
PPCHHPPCHPPPPCHHHHCHHPPHHPPPPHHPPHPP,-18,40.836992198979715,Gen_7
PPCHHPPCHPPPPCHHHHCHHPPHHPPPPHHPPHPP,-20,41.84857277700212,Gen_7
PPCHHPPCHPPPPCHHHHCHHPPHHPPPPHHPPHPP,-23,39.902641579014016,Gen_7
PPCHHPPCHPPPPCHHHHCHHPPHHPPPPHHPPHPP,-16,37.59840143402107,Gen_7
PPCHHPPCHPPPPCHHHHCHHPPHHPPPPHHPPHPP,-18,35.49508717801655,Gen_7
PPCHHPPCHPPPPCHHHHCHHPPHHPPPPHHPPHPP,-20,39.266006039018976,Gen_7
PPCHHPPCHPPPPCHHHHCHHPPHHPPPPHHPPHPP,-17,39.44134924100945,Gen_7
PPCHHPPCHPPPPCHHHHCHHPPHHPPPPHHPPHPP,-18,41.93454134601052,Gen_7
PPCHHPPCHPPPPCHHHHCHHPPHHPPPPHHPPHPP,-15,36.79627927401452,Gen_7
PPCHHPPCHPPPPCHHHHCHHPPHHPPPPHHPPHPP,-23,40.41566038498422,Gen_7
PPCHHPPCHPPPPCHHHHCHHPPHHPPPPHHPPHPP,-21,43.59310828597518,Gen_7
PPCHHPPCHPPPPCHHHHCHHPPHHPPPPHHPPHPP,-20,41.76951394599746,Gen_7
PPCHHPPCHPPPPCHHHHCHHPPHHPPPPHHPPHPP,-15,43.08272432300146,Gen_7
PPCHHPPCHPPPPCHHHHCHHPPHHPPPPHHPPHPP,-22,43.94693866398302,Gen_7
PPCHHPPCHPPPPCHHHHCHHPPHHPPPPHHPPHPP,-15,40.58648903798894,Gen_7
PPCHHPPCHPPPPCHHHHCHHPPHHPPPPHHPPHPP,-16,36.66323193200515,Gen_7
PPCHHPPCHPPPPCHHHHCHHPPHHPPPPHHPPHPP,-21,38.996077849005815,Gen_7
PPCHHPPCHPPPPCHHHHCHHPPHHPPPPHHPPHPP,-20,39.03705198899843,Gen_7
PPCHHPPCHPPPPCHHHHCHHPPHHPPPPHHPPHPP,-17,39.31994452900835,Gen_7
PPCHHPPCHPPPPCHHHHCHHPPHHPPPPHHPPHPP,-10,37.23752122800215,Gen_7
PPCHHPPCHPPPPCHHHHCHHPPHHPPPPHHPPHPP,-23,41.79048070000135,Gen_7
PPCHHPPCHPPPPCHHHHCHHPPHHPPPPHHPPHPP,-16,38.47047883999767,Gen_7
PPCHHPPCHPPPPCHHHHCHHPPHHPPPPHHPPHPP,-13,37.329919756011805,Gen_7
PPCHHPPCHPPPPCHHHHCHHPPHHPPPPHHPPHPP,-15,43.544657518999884,Gen_7
PPCHHPPCHPPPPCHHHHCHHPPHHPPPPHHPPHPP,-26,43.09144378601923,Gen_7
PPCHHPPCHPPPPCHHHHCHHPPHHPPPPHHPPHPP,-18,40.66799152098247,Gen_7
PPCHHPPCHPPPPCHHHHCHHPPHHPPPPHHPPHPP,-17,37.16295998901478,Gen_7
PPCHHPPCHPPPPCHHHHCHHPPHHPPPPHHPPHPP,-15,39.25442718999693,Gen_7
PPCHHPPCHPPPPCHHHHCHHPPHHPPPPHHPPHPP,-26,37.745881029986776,Gen_7
PPCHHPPCHPPPPCHHHHCHHPPHHPPPPHHPPHPP,-15,39.395879088988295,Gen_7
PPCHHPPCHPPPPCHHHHCHHPPHHPPPPHHPPHPP,-24,40.13314943399746,Gen_7
PPCHHPPCHPPPPCHHHHCHHPPHHPPPPHHPPHPP,-16,41.33002944398322,Gen_7
PPCHHPPCHPPPPCHHHHCHHPPHHPPPPHHPPHPP,-15,34.38535631701234,Gen_7
PPCHHPPCHPPPPCHHHHCHHPPHHPPPPHHPPHPP,-22,39.30791967999539,Gen_7
PPCHHPPCHPPPPCHHHHCHHPPHHPPPPHHPPHPP,-22,36.918772060016636,Gen_7
PPCHHPPCHPPPPCHHHHCHHPPHHPPPPHHPPHPP,-18,39.5755853879964,Gen_7
PPCHHPPCHPPPPCHHHHCHHPPHHPPPPHHPPHPP,-16,37.48514164899825,Gen_7
PPCHHPPCHPPPPCHHHHCHHPPHHPPPPHHPPHPP,-16,37.478275836998364,Gen_7
PPCHHPPCHPPPPCHHHHCHHPPHHPPPPHHPPHPP,-22,39.942749500012724,Gen_7
PPCHHPPCHPPPPCHHHHCHHPPHHPPPPHHPPHPP,-20,37.832493722991785,Gen_7
PPCHHPPCHPPPPCHHHHCHHPPHHPPPPHHPPHPP,-14,38.76430035798694,Gen_7
PPCHHPPCHPPPPCHHHHCHHPPHHPPPPHHPPHPP,-21,40.323856662987964,Gen_7
PPCHHPPCHPPPPCHHHHCHHPPHHPPPPHHPPHPP,-17,36.967878297989955,Gen_7
PPCHHPPCHPPPPCHHHHCHHPPHHPPPPHHPPHPP,-14,41.24738550197799,Gen_7
PPCHHPPCHPPPPCHHHHCHHPPHHPPPPHHPPHPP,-10,39.537200093007414,Gen_7
PPCHHPPCHPPPPCHHHHCHHPPHHPPPPHHPPHPP,-12,38.378051870007766,Gen_7
PPCHHPPCHPPPPCHHHHCHHPPHHPPPPHHPPHPP,-17,37.734638394991634,Gen_7
PPCHHPPCHPPPPCHHHHCHHPPHHPPPPHHPPHPP,-17,39.374604314012686,Gen_7
PPCHHPPCHPPPPCHHHHCHHPPHHPPPPHHPPHPP,-17,39.89942398000858,Gen_7
PPCHHPPCHPPPPCHHHHCHHPPHHPPPPHHPPHPP,-16,35.73346124999807,Gen_7
PPCHHPPCHPPPPCHHHHCHHPPHHPPPPHHPPHPP,-13,41.3604997729999,Gen_7
PPCHHPPCHPPPPCHHHHCHHPPHHPPPPHHPPHPP,-24,41.508589384000516,Gen_7
PPCHHPPCHPPPPCHHHHCHHPPHHPPPPHHPPHPP,-18,41.10544775199378,Gen_7
PPCHHPPCHPPPPCHHHHCHHPPHHPPPPHHPPHPP,-16,43.1498284410045,Gen_7
PPCHHPPCHPPPPCHHHHCHHPPHHPPPPHHPPHPP,-17,38.81174631000613,Gen_7
PPCHHPPCHPPPPCHHHHCHHPPHHPPPPHHPPHPP,-17,39.03794801799813,Gen_7
PPCHHPPCHPPPPCHHHHCHHPPHHPPPPHHPPHPP,-13,39.23152444200241,Gen_7
PPCHHPPCHPPPPCHHHHCHHPPHHPPPPHHPPHPP,-20,38.69475822499953,Gen_7
PPCHHPPCHPPPPCHHHHCHHPPHHPPPPHHPPHPP,-15,41.62616944100591,Gen_7
PPCHHPPCHPPPPCHHHHCHHPPHHPPPPHHPPHPP,-15,38.63188400599756,Gen_7
PPCHHPPCHPPPPCHHHHCHHPPHHPPPPHHPPHPP,-20,41.60189834100311,Gen_7
PPCHHPPCHPPPPCHHHHCHHPPHHPPPPHHPPHPP,-18,40.64607372900355,Gen_7
PPCHHPPCHPPPPCHHHHCHHPPHHPPPPHHPPHPP,-20,38.03131850101636,Gen_7
PPCHHPPCHPPPPCHHHHCHHPPHHPPPPHHPPHPP,-17,40.612612697004806,Gen_7
PPCHHPPCHPPPPCHHHHCHHPPHHPPPPHHPPHPP,-24,44.02795434201835,Gen_7
PPCHHPPCHPPPPCHHHHCHHPPHHPPPPHHPPHPP,-16,40.346839657984674,Gen_7
PPCHHPPCHPPPPCHHHHCHHPPHHPPPPHHPPHPP,-19,40.70277847300167,Gen_7
PPCHHPPCHPPPPCHHHHCHHPPHHPPPPHHPPHPP,-17,36.78125723398989,Gen_7
PPCHHPPCHPPPPCHHHHCHHPPHHPPPPHHPPHPP,-17,40.44898496798123,Gen_7
PPCHHPPCHPPPPCHHHHCHHPPHHPPPPHHPPHPP,-14,42.107422739994945,Gen_7
PPCHHPPCHPPPPCHHHHCHHPPHHPPPPHHPPHPP,-12,40.72099864098709,Gen_7
PPCHHPPCHPPPPCHHHHCHHPPHHPPPPHHPPHPP,-23,37.6079658959934,Gen_7
PPCHHPPCHPPPPCHHHHCHHPPHHPPPPHHPPHPP,-19,43.004242591006914,Gen_7
PPCHHPPCHPPPPCHHHHCHHPPHHPPPPHHPPHPP,-16,39.182200073992135,Gen_7
PPCHHPPCHPPPPCHHHHCHHPPHHPPPPHHPPHPP,-13,43.056207883986644,Gen_7
PPCHHPPCHPPPPCHHHHCHHPPHHPPPPHHPPHPP,-19,39.57003576398711,Gen_7
PPCHHPPCHPPPPCHHHHCHHPPHHPPPPHHPPHPP,-20,39.07705323200207,Gen_7
PPCHHPPCHPPPPCHHHHCHHPPHHPPPPHHPPHPP,-14,40.38157577998936,Gen_7
PPCHHPPCHPPPPCHHHHCHHPPHHPPPPHHPPHPP,-13,38.15461022799718,Gen_7
PPCHHPPCHPPPPCHHHHCHHPPHHPPPPHHPPHPP,-16,37.17386084300233,Gen_7
PPCHHPPCHPPPPCHHHHCHHPPHHPPPPHHPPHPP,-16,38.13134496999555,Gen_7
PPCHHPPCHPPPPCHHHHCHHPPHHPPPPHHPPHPP,-14,38.89704653201625,Gen_7
PPCHHPPCHPPPPCHHHHCHHPPHHPPPPHHPPHPP,-19,40.37588146797498,Gen_7
PPCHHPPCHPPPPCHHHHCHHPPHHPPPPHHPPHPP,-18,41.867356639006175,Gen_7
PPCHHPPCHPPPPCHHHHCHHPPHHPPPPHHPPHPP,-17,39.87348822300555,Gen_7
PPCHHPPCHPPPPCHHHHCHHPPHHPPPPHHPPHPP,-15,41.86559932498494,Gen_7
PPCHHPPCHPPPPCHHHHCHHPPHHPPPPHHPPHPP,-15,41.61988662800286,Gen_7
PPCHHPPCHPPPPCHHHHCHHPPHHPPPPHHPPHPP,-16,34.86354311500327,Gen_7
PPCHHPPCHPPPPCHHHHCHHPPHHPPPPHHPPHPP,-18,43.1416806569905,Gen_7
PPCHHPPCHPPPPCHHHHCHHPPHHPPPPHHPPHPP,-19,41.46000262800953,Gen_7
PPCHHPPCHPPPPCHHHHCHHPPHHPPPPHHPPHPP,-15,40.99664281698642,Gen_7
PPCHHPPCHPPPPCHHHHCHHPPHHPPPPHHPPHPP,-16,37.05054423699039,Gen_7
PPCHHPPCHPPPPCHHHHCHHPPHHPPPPHHPPHPP,-18,40.31094846801716,Gen_7
PPCHHPPCHPPPPCHHHHCHHPPHHPPPPHHPPHPP,-15,35.53634394000983,Gen_7
PPCHHPPCHPPPPCHHHHCHHPPHHPPPPHHPPHPP,-16,41.05894194598659,Gen_7
PPCHHPPCHPPPPCHHHHCHHPPHHPPPPHHPPHPP,-21,40.19983258002321,Gen_7
PPCHHPPCHPPPPCHHHHCHHPPHHPPPPHHPPHPP,-23,38.617944111989345,Gen_7
PPCHHPPCHPPPPCHHHHCHHPPHHPPPPHHPPHPP,-17,36.59801710900501,Gen_7
PPCHHPPCHPPPPCHHHHCHHPPHHPPPPHHPPHPP,-17,35.93257830198854,Gen_7
