protein,stability,time,algorithm
PPCHHPPCHPPPPCHCPCHC,-1,0.02446287099883193,greedy_fold
PPCHHPPCHPPPPCHCPCHC,-1,0.022641960000328254,greedy_fold
PPCHHPPCHPPPPCHCPCHC,-1,0.022524723999595153,greedy_fold
PPCHHPPCHPPPPCHCPCHC,-1,0.022918931001186138,greedy_fold
PPCHHPPCHPPPPCHCPCHC,-1,0.023570004999783123,greedy_fold
PPCHHPPCHPPPPCHCPCHC,-1,0.023407042999679106,greedy_fold
PPCHHPPCHPPPPCHCPCHC,-1,0.02488672800063796,greedy_fold
PPCHHPPCHPPPPCHCPCHC,-1,0.024755915999776335,greedy_fold
PPCHHPPCHPPPPCHCPCHC,-1,0.02465246199972171,greedy_fold
PPCHHPPCHPPPPCHCPCHC,-1,0.024343951999981073,greedy_fold
PPCHHPPCHPPPPCHCPCHC,-1,0.023683667001023423,greedy_fold
PPCHHPPCHPPPPCHCPCHC,-1,0.02369072300098196,greedy_fold
PPCHHPPCHPPPPCHCPCHC,-1,0.023698983000940643,greedy_fold
PPCHHPPCHPPPPCHCPCHC,-1,0.023867425001299125,greedy_fold
PPCHHPPCHPPPPCHCPCHC,-1,0.023612970999238314,greedy_fold
PPCHHPPCHPPPPCHCPCHC,-1,0.023087304000000586,greedy_fold
PPCHHPPCHPPPPCHCPCHC,-1,0.021754905999841867,greedy_fold
PPCHHPPCHPPPPCHCPCHC,-1,0.02189579399964714,greedy_fold
PPCHHPPCHPPPPCHCPCHC,-1,0.024842602000717307,greedy_fold
PPCHHPPCHPPPPCHCPCHC,-1,0.02282093400026497,greedy_fold
PPCHHPPCHPPPPCHCPCHC,-1,0.022714757000358077,greedy_fold
PPCHHPPCHPPPPCHCPCHC,-1,0.022068760001275223,greedy_fold
PPCHHPPCHPPPPCHCPCHC,-1,0.022672230999887688,greedy_fold
PPCHHPPCHPPPPCHCPCHC,-1,0.023318503001064528,greedy_fold
PPCHHPPCHPPPPCHCPCHC,-1,0.02214915500007919,greedy_fold
PPCHHPPCHPPPPCHCPCHC,-1,0.022287117999439943,greedy_fold
PPCHHPPCHPPPPCHCPCHC,-1,0.025080307999814977,greedy_fold
PPCHHPPCHPPPPCHCPCHC,-1,0.023191761001726263,greedy_fold
PPCHHPPCHPPPPCHCPCHC,-1,0.022403323999242275,greedy_fold
PPCHHPPCHPPPPCHCPCHC,-1,0.02251226999942446,greedy_fold
PPCHHPPCHPPPPCHCPCHC,-1,0.02190703599990229,greedy_fold
PPCHHPPCHPPPPCHCPCHC,-1,0.024346666999917943,greedy_fold
PPCHHPPCHPPPPCHCPCHC,-1,0.02330619900021702,greedy_fold
PPCHHPPCHPPPPCHCPCHC,-1,0.024057574000835302,greedy_fold
PPCHHPPCHPPPPCHCPCHC,-1,0.023083734000465483,greedy_fold
PPCHHPPCHPPPPCHCPCHC,-1,0.02391711100062821,greedy_fold
PPCHHPPCHPPPPCHCPCHC,-1,0.023648333000892308,greedy_fold
PPCHHPPCHPPPPCHCPCHC,-1,0.023930794000989408,greedy_fold
PPCHHPPCHPPPPCHCPCHC,-1,0.024525410000933334,greedy_fold
PPCHHPPCHPPPPCHCPCHC,-1,0.024100792999888654,greedy_fold
PPCHHPPCHPPPPCHCPCHC,-1,0.023262224000063725,greedy_fold
PPCHHPPCHPPPPCHCPCHC,-1,0.02350914600174292,greedy_fold
PPCHHPPCHPPPPCHCPCHC,-1,0.0237906420006766,greedy_fold
PPCHHPPCHPPPPCHCPCHC,-1,0.029242714999782038,greedy_fold
PPCHHPPCHPPPPCHCPCHC,-1,0.02591160799966019,greedy_fold
PPCHHPPCHPPPPCHCPCHC,-1,0.02454897799907485,greedy_fold
PPCHHPPCHPPPPCHCPCHC,-1,0.026547799001491512,greedy_fold
PPCHHPPCHPPPPCHCPCHC,-1,0.02605996199963556,greedy_fold
PPCHHPPCHPPPPCHCPCHC,-1,0.025639785000748816,greedy_fold
PPCHHPPCHPPPPCHCPCHC,-1,0.023030483000184176,greedy_fold
PPCHHPPCHPPPPCHCPCHC,-1,0.02570594999997411,greedy_fold
PPCHHPPCHPPPPCHCPCHC,-1,0.024753062998570385,greedy_fold
PPCHHPPCHPPPPCHCPCHC,-1,0.03240244100015843,greedy_fold
PPCHHPPCHPPPPCHCPCHC,-1,0.02274828600093315,greedy_fold
PPCHHPPCHPPPPCHCPCHC,-1,0.02354109400039306,greedy_fold
PPCHHPPCHPPPPCHCPCHC,-1,0.02275989500049036,greedy_fold
PPCHHPPCHPPPPCHCPCHC,-1,0.02239202400050999,greedy_fold
PPCHHPPCHPPPPCHCPCHC,-1,0.022964952000620542,greedy_fold
PPCHHPPCHPPPPCHCPCHC,-1,0.023651657000300474,greedy_fold
PPCHHPPCHPPPPCHCPCHC,-1,0.02345665199936775,greedy_fold
PPCHHPPCHPPPPCHCPCHC,-1,0.02399229599905084,greedy_fold
PPCHHPPCHPPPPCHCPCHC,-1,0.025870673000099487,greedy_fold
PPCHHPPCHPPPPCHCPCHC,-1,0.024888036999982432,greedy_fold
PPCHHPPCHPPPPCHCPCHC,-1,0.0240472570003476,greedy_fold
PPCHHPPCHPPPPCHCPCHC,-1,0.02560518500104081,greedy_fold
PPCHHPPCHPPPPCHCPCHC,-1,0.022945754000829766,greedy_fold
PPCHHPPCHPPPPCHCPCHC,-1,0.02331974899971101,greedy_fold
PPCHHPPCHPPPPCHCPCHC,-1,0.025659255999926245,greedy_fold
PPCHHPPCHPPPPCHCPCHC,-1,0.023585554999954184,greedy_fold
PPCHHPPCHPPPPCHCPCHC,-1,0.027060555999923963,greedy_fold
PPCHHPPCHPPPPCHCPCHC,-1,0.024863292999725672,greedy_fold
PPCHHPPCHPPPPCHCPCHC,-1,0.024321160999534186,greedy_fold
PPCHHPPCHPPPPCHCPCHC,-1,0.0229385659986292,greedy_fold
PPCHHPPCHPPPPCHCPCHC,-1,0.023611577000338002,greedy_fold
PPCHHPPCHPPPPCHCPCHC,-1,0.023357901998679154,greedy_fold
PPCHHPPCHPPPPCHCPCHC,-1,0.025810753999394365,greedy_fold
PPCHHPPCHPPPPCHCPCHC,-1,0.026065735999509343,greedy_fold
PPCHHPPCHPPPPCHCPCHC,-1,0.028895062998344656,greedy_fold
PPCHHPPCHPPPPCHCPCHC,-1,0.03586964600071951,greedy_fold
PPCHHPPCHPPPPCHCPCHC,-1,0.03930824199960625,greedy_fold
PPCHHPPCHPPPPCHCPCHC,-1,0.02971134799918218,greedy_fold
PPCHHPPCHPPPPCHCPCHC,-1,0.030473707000055583,greedy_fold
PPCHHPPCHPPPPCHCPCHC,-1,0.025565332000041963,greedy_fold
PPCHHPPCHPPPPCHCPCHC,-1,0.024763276998783113,greedy_fold
PPCHHPPCHPPPPCHCPCHC,-1,0.02405625999926997,greedy_fold
PPCHHPPCHPPPPCHCPCHC,-1,0.02418562999991991,greedy_fold
PPCHHPPCHPPPPCHCPCHC,-1,0.025009568000314175,greedy_fold
PPCHHPPCHPPPPCHCPCHC,-1,0.02672020299905853,greedy_fold
PPCHHPPCHPPPPCHCPCHC,-1,0.025650124000094365,greedy_fold
PPCHHPPCHPPPPCHCPCHC,-1,0.026090747000125702,greedy_fold
PPCHHPPCHPPPPCHCPCHC,-1,0.023719535000054748,greedy_fold
PPCHHPPCHPPPPCHCPCHC,-1,0.023483965000195894,greedy_fold
PPCHHPPCHPPPPCHCPCHC,-1,0.02613867400032177,greedy_fold
PPCHHPPCHPPPPCHCPCHC,-1,0.024904338000851567,greedy_fold
PPCHHPPCHPPPPCHCPCHC,-1,0.023526619999756804,greedy_fold
PPCHHPPCHPPPPCHCPCHC,-1,0.024310645001605735,greedy_fold
PPCHHPPCHPPPPCHCPCHC,-1,0.021786955001516617,greedy_fold
PPCHHPPCHPPPPCHCPCHC,-1,0.023196838999865577,greedy_fold
PPCHHPPCHPPPPCHCPCHC,-1,0.023120811998524005,greedy_fold
PPCHHPPCHPPPPCHCPCHC,-1,0.02276124499985599,greedy_fold
PPCHHPPCHPPPPCHCPCHC,-1,0.024050627000178793,greedy_fold
PPCHHPPCHPPPPCHCPCHC,-1,0.026271832999555045,greedy_fold
PPCHHPPCHPPPPCHCPCHC,-1,0.023946527000589413,greedy_fold
PPCHHPPCHPPPPCHCPCHC,-1,0.02520161900065432,greedy_fold
PPCHHPPCHPPPPCHCPCHC,-1,0.02670972099986102,greedy_fold
PPCHHPPCHPPPPCHCPCHC,-1,0.023222169000291615,greedy_fold
PPCHHPPCHPPPPCHCPCHC,-1,0.02172071600034542,greedy_fold
PPCHHPPCHPPPPCHCPCHC,-1,0.021313145000021905,greedy_fold
PPCHHPPCHPPPPCHCPCHC,-1,0.021961606998956995,greedy_fold
PPCHHPPCHPPPPCHCPCHC,-1,0.022058894999645418,greedy_fold
PPCHHPPCHPPPPCHCPCHC,-1,0.021464895000463002,greedy_fold
PPCHHPPCHPPPPCHCPCHC,-1,0.02226111799973296,greedy_fold
PPCHHPPCHPPPPCHCPCHC,-1,0.022063713000534335,greedy_fold
PPCHHPPCHPPPPCHCPCHC,-1,0.02315679099956469,greedy_fold
PPCHHPPCHPPPPCHCPCHC,-1,0.022177168999405694,greedy_fold
PPCHHPPCHPPPPCHCPCHC,-1,0.021979064998959075,greedy_fold
PPCHHPPCHPPPPCHCPCHC,-1,0.02318810900032986,greedy_fold
PPCHHPPCHPPPPCHCPCHC,-1,0.023496227000578074,greedy_fold
PPCHHPPCHPPPPCHCPCHC,-1,0.023369778000414954,greedy_fold
PPCHHPPCHPPPPCHCPCHC,-1,0.02787206499851891,greedy_fold
PPCHHPPCHPPPPCHCPCHC,-1,0.026056140999571653,greedy_fold
PPCHHPPCHPPPPCHCPCHC,-1,0.027706556000339333,greedy_fold
PPCHHPPCHPPPPCHCPCHC,-1,0.02525052100099856,greedy_fold
PPCHHPPCHPPPPCHCPCHC,-1,0.023251341999639408,greedy_fold
PPCHHPPCHPPPPCHCPCHC,-1,0.02319699299914646,greedy_fold
PPCHHPPCHPPPPCHCPCHC,-1,0.023362992998954724,greedy_fold
PPCHHPPCHPPPPCHCPCHC,-1,0.02402741399964725,greedy_fold
PPCHHPPCHPPPPCHCPCHC,-1,0.023114215000532568,greedy_fold
PPCHHPPCHPPPPCHCPCHC,-1,0.02174129500053823,greedy_fold
PPCHHPPCHPPPPCHCPCHC,-1,0.02236003199868719,greedy_fold
PPCHHPPCHPPPPCHCPCHC,-1,0.023224320999361225,greedy_fold
PPCHHPPCHPPPPCHCPCHC,-1,0.023857942998802173,greedy_fold
PPCHHPPCHPPPPCHCPCHC,-1,0.025853979001112748,greedy_fold
PPCHHPPCHPPPPCHCPCHC,-1,0.02571675699982734,greedy_fold
PPCHHPPCHPPPPCHCPCHC,-1,0.021887233000597917,greedy_fold
PPCHHPPCHPPPPCHCPCHC,-1,0.02271313200071745,greedy_fold
PPCHHPPCHPPPPCHCPCHC,-1,0.022753380000722245,greedy_fold
PPCHHPPCHPPPPCHCPCHC,-1,0.04732065699863597,greedy_fold
PPCHHPPCHPPPPCHCPCHC,-1,0.03004783000142197,greedy_fold
PPCHHPPCHPPPPCHCPCHC,-1,0.02222470800006704,greedy_fold
PPCHHPPCHPPPPCHCPCHC,-1,0.024425288998827455,greedy_fold
PPCHHPPCHPPPPCHCPCHC,-1,0.024277594000523095,greedy_fold
PPCHHPPCHPPPPCHCPCHC,-1,0.02562448600110656,greedy_fold
PPCHHPPCHPPPPCHCPCHC,-1,0.02329855499920086,greedy_fold
PPCHHPPCHPPPPCHCPCHC,-1,0.02410138699997333,greedy_fold
PPCHHPPCHPPPPCHCPCHC,-1,0.02446129999952973,greedy_fold
PPCHHPPCHPPPPCHCPCHC,-1,0.024956856001153938,greedy_fold
PPCHHPPCHPPPPCHCPCHC,-1,0.024648024000271107,greedy_fold
PPCHHPPCHPPPPCHCPCHC,-1,0.024239618998763035,greedy_fold
PPCHHPPCHPPPPCHCPCHC,-1,0.024377161000302294,greedy_fold
PPCHHPPCHPPPPCHCPCHC,-1,0.02439093399880221,greedy_fold
PPCHHPPCHPPPPCHCPCHC,-1,0.024879259000954335,greedy_fold
PPCHHPPCHPPPPCHCPCHC,-1,0.024691160000656964,greedy_fold
PPCHHPPCHPPPPCHCPCHC,-1,0.0256562140002643,greedy_fold
PPCHHPPCHPPPPCHCPCHC,-1,0.025005727000461775,greedy_fold
PPCHHPPCHPPPPCHCPCHC,-1,0.025614598000174738,greedy_fold
PPCHHPPCHPPPPCHCPCHC,-1,0.027432378001321922,greedy_fold
PPCHHPPCHPPPPCHCPCHC,-1,0.026053835999846342,greedy_fold
PPCHHPPCHPPPPCHCPCHC,-1,0.02565399999912188,greedy_fold
PPCHHPPCHPPPPCHCPCHC,-1,0.022525408001456526,greedy_fold
PPCHHPPCHPPPPCHCPCHC,-1,0.02366647500093677,greedy_fold
PPCHHPPCHPPPPCHCPCHC,-1,0.0215989719999925,greedy_fold
PPCHHPPCHPPPPCHCPCHC,-1,0.022962069999266532,greedy_fold
PPCHHPPCHPPPPCHCPCHC,-1,0.02581347600062145,greedy_fold
PPCHHPPCHPPPPCHCPCHC,-1,0.02216379300080007,greedy_fold
PPCHHPPCHPPPPCHCPCHC,-1,0.026437169000928407,greedy_fold
PPCHHPPCHPPPPCHCPCHC,-1,0.027191195000341395,greedy_fold
PPCHHPPCHPPPPCHCPCHC,-1,0.027672620000885217,greedy_fold
PPCHHPPCHPPPPCHCPCHC,-1,0.025605314998756512,greedy_fold
PPCHHPPCHPPPPCHCPCHC,-1,0.023845002999223652,greedy_fold
PPCHHPPCHPPPPCHCPCHC,-1,0.02278924799975357,greedy_fold
PPCHHPPCHPPPPCHCPCHC,-1,0.022049127001082525,greedy_fold
PPCHHPPCHPPPPCHCPCHC,-1,0.024428900000202702,greedy_fold
PPCHHPPCHPPPPCHCPCHC,-1,0.028372692999255378,greedy_fold
PPCHHPPCHPPPPCHCPCHC,-1,0.028352309000183595,greedy_fold
PPCHHPPCHPPPPCHCPCHC,-1,0.0367199989996152,greedy_fold
PPCHHPPCHPPPPCHCPCHC,-1,0.030915429999367916,greedy_fold
PPCHHPPCHPPPPCHCPCHC,-1,0.028071652001017355,greedy_fold
PPCHHPPCHPPPPCHCPCHC,-1,0.028328937998594483,greedy_fold
PPCHHPPCHPPPPCHCPCHC,-1,0.025358707998748287,greedy_fold
PPCHHPPCHPPPPCHCPCHC,-1,0.025112094001087826,greedy_fold
PPCHHPPCHPPPPCHCPCHC,-1,0.02368190500055789,greedy_fold
PPCHHPPCHPPPPCHCPCHC,-1,0.024230200000602053,greedy_fold
PPCHHPPCHPPPPCHCPCHC,-1,0.03734077799890656,greedy_fold
PPCHHPPCHPPPPCHCPCHC,-1,0.03079400299975532,greedy_fold
PPCHHPPCHPPPPCHCPCHC,-1,0.029363227999056107,greedy_fold
PPCHHPPCHPPPPCHCPCHC,-1,0.028757768999639666,greedy_fold
PPCHHPPCHPPPPCHCPCHC,-1,0.027789672998551396,greedy_fold
PPCHHPPCHPPPPCHCPCHC,-1,0.030999332999272156,greedy_fold
PPCHHPPCHPPPPCHCPCHC,-1,0.026593309999952908,greedy_fold
PPCHHPPCHPPPPCHCPCHC,-1,0.024383570000281907,greedy_fold
PPCHHPPCHPPPPCHCPCHC,-1,0.02344920900031866,greedy_fold
PPCHHPPCHPPPPCHCPCHC,-1,0.02452951200029929,greedy_fold
PPCHHPPCHPPPPCHCPCHC,-1,0.02411978099917178,greedy_fold
PPCHHPPCHPPPPCHCPCHC,-1,0.054772932000560104,greedy_fold
PPCHHPPCHPPPPCHCPCHC,-1,0.025713494998854003,greedy_fold
PPCHHPPCHPPPPCHCPCHC,-1,0.025714678999065654,greedy_fold
PPCHHPPCHPPPPCHCPCHC,-1,0.026192391998847597,greedy_fold
PPCHHPPCHPPPPCHCPCHC,-1,0.02535775999967882,greedy_fold
PPCHHPPCHPPPPCHCPCHC,-1,0.026034489999801735,greedy_fold
PPCHHPPCHPPPPCHCPCHC,-1,0.02591761999974551,greedy_fold
PPCHHPPCHPPPPCHCPCHC,-1,0.02222860700021556,greedy_fold
PPCHHPPCHPPPPCHCPCHC,-1,0.02251570999942487,greedy_fold
PPCHHPPCHPPPPCHCPCHC,-1,0.021769713999674423,greedy_fold
PPCHHPPCHPPPPCHCPCHC,-1,0.02192942700094136,greedy_fold
PPCHHPPCHPPPPCHCPCHC,-1,0.02177666399984446,greedy_fold
PPCHHPPCHPPPPCHCPCHC,-1,0.021715513999879477,greedy_fold
PPCHHPPCHPPPPCHCPCHC,-1,0.022587380999539164,greedy_fold
PPCHHPPCHPPPPCHCPCHC,-1,0.023551305999717442,greedy_fold
PPCHHPPCHPPPPCHCPCHC,-1,0.024659728000187897,greedy_fold
PPCHHPPCHPPPPCHCPCHC,-1,0.026617088000421063,greedy_fold
PPCHHPPCHPPPPCHCPCHC,-1,0.024049460000242107,greedy_fold
PPCHHPPCHPPPPCHCPCHC,-1,0.02449579300082405,greedy_fold
PPCHHPPCHPPPPCHCPCHC,-1,0.0231117869989248,greedy_fold
PPCHHPPCHPPPPCHCPCHC,-1,0.024459271000523586,greedy_fold
PPCHHPPCHPPPPCHCPCHC,-1,0.023928705999423983,greedy_fold
PPCHHPPCHPPPPCHCPCHC,-1,0.0225222360004409,greedy_fold
PPCHHPPCHPPPPCHCPCHC,-1,0.02319171599992842,greedy_fold
PPCHHPPCHPPPPCHCPCHC,-1,0.022483468001155416,greedy_fold
PPCHHPPCHPPPPCHCPCHC,-1,0.023130487999878824,greedy_fold
PPCHHPPCHPPPPCHCPCHC,-1,0.023140526000133832,greedy_fold
PPCHHPPCHPPPPCHCPCHC,-1,0.024259257999801775,greedy_fold
PPCHHPPCHPPPPCHCPCHC,-1,0.02262059199892974,greedy_fold
PPCHHPPCHPPPPCHCPCHC,-1,0.023049549001370906,greedy_fold
PPCHHPPCHPPPPCHCPCHC,-1,0.024088440000923583,greedy_fold
PPCHHPPCHPPPPCHCPCHC,-1,0.024762954999459907,greedy_fold
PPCHHPPCHPPPPCHCPCHC,-1,0.02359106799849542,greedy_fold
PPCHHPPCHPPPPCHCPCHC,-1,0.02451198999915505,greedy_fold
PPCHHPPCHPPPPCHCPCHC,-1,0.022276861000136705,greedy_fold
PPCHHPPCHPPPPCHCPCHC,-1,0.02401694099899032,greedy_fold
PPCHHPPCHPPPPCHCPCHC,-1,0.025861898000584915,greedy_fold
PPCHHPPCHPPPPCHCPCHC,-1,0.0247046610002144,greedy_fold
PPCHHPPCHPPPPCHCPCHC,-1,0.02758741999969061,greedy_fold
PPCHHPPCHPPPPCHCPCHC,-1,0.025772966999284108,greedy_fold
PPCHHPPCHPPPPCHCPCHC,-1,0.024480847001541406,greedy_fold
PPCHHPPCHPPPPCHCPCHC,-1,0.023224205999213154,greedy_fold
PPCHHPPCHPPPPCHCPCHC,-1,0.02240427200013073,greedy_fold
PPCHHPPCHPPPPCHCPCHC,-1,0.02255423799942946,greedy_fold
PPCHHPPCHPPPPCHCPCHC,-1,0.022575759998289868,greedy_fold
PPCHHPPCHPPPPCHCPCHC,-1,0.023434142000041902,greedy_fold
PPCHHPPCHPPPPCHCPCHC,-1,0.0239877690000867,greedy_fold
PPCHHPPCHPPPPCHCPCHC,-1,0.02462970400119957,greedy_fold
PPCHHPPCHPPPPCHCPCHC,-1,0.02280779900138441,greedy_fold
PPCHHPPCHPPPPCHCPCHC,-1,0.02316050699846528,greedy_fold
PPCHHPPCHPPPPCHCPCHC,-1,0.02439429799960635,greedy_fold
PPCHHPPCHPPPPCHCPCHC,-1,0.02451621299951512,greedy_fold
PPCHHPPCHPPPPCHCPCHC,-1,0.024709500999961165,greedy_fold
PPCHHPPCHPPPPCHCPCHC,-1,0.023811387000023387,greedy_fold
PPCHHPPCHPPPPCHCPCHC,-1,0.0234742720003851,greedy_fold
PPCHHPPCHPPPPCHCPCHC,-1,0.02581892099988181,greedy_fold
PPCHHPPCHPPPPCHCPCHC,-1,0.026181549999819254,greedy_fold
PPCHHPPCHPPPPCHCPCHC,-1,0.024561375001212582,greedy_fold
PPCHHPPCHPPPPCHCPCHC,-1,0.026666997999200248,greedy_fold
PPCHHPPCHPPPPCHCPCHC,-1,0.023990677000256255,greedy_fold
PPCHHPPCHPPPPCHCPCHC,-1,0.02250881000145455,greedy_fold
PPCHHPPCHPPPPCHCPCHC,-1,0.026672211999539286,greedy_fold
PPCHHPPCHPPPPCHCPCHC,-1,0.024062824000793626,greedy_fold
PPCHHPPCHPPPPCHCPCHC,-1,0.022719993999999133,greedy_fold
PPCHHPPCHPPPPCHCPCHC,-1,0.02304546699997445,greedy_fold
PPCHHPPCHPPPPCHCPCHC,-1,0.022880840000652825,greedy_fold
PPCHHPPCHPPPPCHCPCHC,-1,0.021617710999635165,greedy_fold
PPCHHPPCHPPPPCHCPCHC,-1,0.02234307899925625,greedy_fold
PPCHHPPCHPPPPCHCPCHC,-1,0.022911228001248674,greedy_fold
PPCHHPPCHPPPPCHCPCHC,-1,0.022004656999342842,greedy_fold
PPCHHPPCHPPPPCHCPCHC,-1,0.0227605100008077,greedy_fold
PPCHHPPCHPPPPCHCPCHC,-1,0.02239695199932612,greedy_fold
PPCHHPPCHPPPPCHCPCHC,-1,0.022839360000943998,greedy_fold
PPCHHPPCHPPPPCHCPCHC,-1,0.022344179000356235,greedy_fold
PPCHHPPCHPPPPCHCPCHC,-1,0.025639191999289324,greedy_fold
PPCHHPPCHPPPPCHCPCHC,-1,0.022662209999907645,greedy_fold
PPCHHPPCHPPPPCHCPCHC,-1,0.02349672600030317,greedy_fold
PPCHHPPCHPPPPCHCPCHC,-1,0.02251997100029257,greedy_fold
PPCHHPPCHPPPPCHCPCHC,-1,0.0229673220001132,greedy_fold
PPCHHPPCHPPPPCHCPCHC,-1,0.02344550599991635,greedy_fold
PPCHHPPCHPPPPCHCPCHC,-1,0.024685071000931202,greedy_fold
PPCHHPPCHPPPPCHCPCHC,-1,0.024456327000734746,greedy_fold
PPCHHPPCHPPPPCHCPCHC,-1,0.024314648999279598,greedy_fold
PPCHHPPCHPPPPCHCPCHC,-1,0.024799290998998913,greedy_fold
PPCHHPPCHPPPPCHCPCHC,-1,0.022797593999712262,greedy_fold
PPCHHPPCHPPPPCHCPCHC,-1,0.024363696000364143,greedy_fold
PPCHHPPCHPPPPCHCPCHC,-1,0.024261811000542366,greedy_fold
PPCHHPPCHPPPPCHCPCHC,-1,0.024106105000100797,greedy_fold
PPCHHPPCHPPPPCHCPCHC,-1,0.023039157000312116,greedy_fold
PPCHHPPCHPPPPCHCPCHC,-1,0.021313499000825686,greedy_fold
PPCHHPPCHPPPPCHCPCHC,-1,0.022426794001148664,greedy_fold
PPCHHPPCHPPPPCHCPCHC,-1,0.021995607999997446,greedy_fold
PPCHHPPCHPPPPCHCPCHC,-1,0.022269564999078284,greedy_fold
PPCHHPPCHPPPPCHCPCHC,-1,0.0224271819988644,greedy_fold
PPCHHPPCHPPPPCHCPCHC,-1,0.021944567999526043,greedy_fold
PPCHHPPCHPPPPCHCPCHC,-1,0.02370804199927079,greedy_fold
PPCHHPPCHPPPPCHCPCHC,-1,0.023425597999448655,greedy_fold
PPCHHPPCHPPPPCHCPCHC,-1,0.02197091299967724,greedy_fold
PPCHHPPCHPPPPCHCPCHC,-1,0.022151381001094705,greedy_fold
PPCHHPPCHPPPPCHCPCHC,-1,0.022367223999026464,greedy_fold
PPCHHPPCHPPPPCHCPCHC,-1,0.02204766900104005,greedy_fold
PPCHHPPCHPPPPCHCPCHC,-1,0.025378455999089056,greedy_fold
PPCHHPPCHPPPPCHCPCHC,-1,0.022430003999033943,greedy_fold
PPCHHPPCHPPPPCHCPCHC,-1,0.022322701999655692,greedy_fold
PPCHHPPCHPPPPCHCPCHC,-1,0.02284576800047944,greedy_fold
PPCHHPPCHPPPPCHCPCHC,-1,0.022388805000446155,greedy_fold
PPCHHPPCHPPPPCHCPCHC,-1,0.023183402001450304,greedy_fold
PPCHHPPCHPPPPCHCPCHC,-1,0.023952028999701724,greedy_fold
PPCHHPPCHPPPPCHCPCHC,-1,0.02391429499948572,greedy_fold
PPCHHPPCHPPPPCHCPCHC,-1,0.02406175199939753,greedy_fold
PPCHHPPCHPPPPCHCPCHC,-1,0.024554484998589032,greedy_fold
PPCHHPPCHPPPPCHCPCHC,-1,0.023209046999909333,greedy_fold
PPCHHPPCHPPPPCHCPCHC,-1,0.02273316999890085,greedy_fold
PPCHHPPCHPPPPCHCPCHC,-1,0.023243552999701933,greedy_fold
PPCHHPPCHPPPPCHCPCHC,-1,0.03159875400160672,greedy_fold
PPCHHPPCHPPPPCHCPCHC,-1,0.025841509999736445,greedy_fold
PPCHHPPCHPPPPCHCPCHC,-1,0.024292235999382683,greedy_fold
PPCHHPPCHPPPPCHCPCHC,-1,0.0237369900005433,greedy_fold
PPCHHPPCHPPPPCHCPCHC,-1,0.023964119000083883,greedy_fold
PPCHHPPCHPPPPCHCPCHC,-1,0.022932661999220727,greedy_fold
PPCHHPPCHPPPPCHCPCHC,-1,0.02181958800065331,greedy_fold
PPCHHPPCHPPPPCHCPCHC,-1,0.025541357999827596,greedy_fold
PPCHHPPCHPPPPCHCPCHC,-1,0.026379996999821742,greedy_fold
PPCHHPPCHPPPPCHCPCHC,-1,0.02317765600128041,greedy_fold
PPCHHPPCHPPPPCHCPCHC,-1,0.024699986999621615,greedy_fold
PPCHHPPCHPPPPCHCPCHC,-1,0.024740358001508866,greedy_fold
PPCHHPPCHPPPPCHCPCHC,-1,0.023441242999979295,greedy_fold
PPCHHPPCHPPPPCHCPCHC,-1,0.02205049799886183,greedy_fold
PPCHHPPCHPPPPCHCPCHC,-1,0.022579595999559388,greedy_fold
PPCHHPPCHPPPPCHCPCHC,-1,0.022020288999556215,greedy_fold
PPCHHPPCHPPPPCHCPCHC,-1,0.023577748999741743,greedy_fold
PPCHHPPCHPPPPCHCPCHC,-1,0.02402163100123289,greedy_fold
PPCHHPPCHPPPPCHCPCHC,-1,0.02844893399924331,greedy_fold
PPCHHPPCHPPPPCHCPCHC,-1,0.05396641000152158,greedy_fold
PPCHHPPCHPPPPCHCPCHC,-1,0.02385090400093759,greedy_fold
PPCHHPPCHPPPPCHCPCHC,-1,0.02250563800043892,greedy_fold
PPCHHPPCHPPPPCHCPCHC,-1,0.0235811870006728,greedy_fold
PPCHHPPCHPPPPCHCPCHC,-1,0.025851517000774038,greedy_fold
PPCHHPPCHPPPPCHCPCHC,-1,0.027716659000361688,greedy_fold
PPCHHPPCHPPPPCHCPCHC,-1,0.022968265000599786,greedy_fold
PPCHHPPCHPPPPCHCPCHC,-1,0.022967701999732526,greedy_fold
PPCHHPPCHPPPPCHCPCHC,-1,0.022433164998801658,greedy_fold
PPCHHPPCHPPPPCHCPCHC,-1,0.02232270600143238,greedy_fold
PPCHHPPCHPPPPCHCPCHC,-1,0.024037058999965666,greedy_fold
PPCHHPPCHPPPPCHCPCHC,-1,0.024256344000605168,greedy_fold
PPCHHPPCHPPPPCHCPCHC,-1,0.023733564999929513,greedy_fold
PPCHHPPCHPPPPCHCPCHC,-1,0.024653689999468043,greedy_fold
PPCHHPPCHPPPPCHCPCHC,-1,0.025034198000867036,greedy_fold
PPCHHPPCHPPPPCHCPCHC,-1,0.025351615999170463,greedy_fold
PPCHHPPCHPPPPCHCPCHC,-1,0.024739844999203342,greedy_fold
PPCHHPPCHPPPPCHCPCHC,-1,0.029003785000895732,greedy_fold
PPCHHPPCHPPPPCHCPCHC,-1,0.024514873999578413,greedy_fold
PPCHHPPCHPPPPCHCPCHC,-1,0.021960776999549125,greedy_fold
PPCHHPPCHPPPPCHCPCHC,-1,0.022570146998987184,greedy_fold
PPCHHPPCHPPPPCHCPCHC,-1,0.02237591999983124,greedy_fold
PPCHHPPCHPPPPCHCPCHC,-1,0.022598101999392384,greedy_fold
PPCHHPPCHPPPPCHCPCHC,-1,0.023945742001160397,greedy_fold
PPCHHPPCHPPPPCHCPCHC,-1,0.025605568998798844,greedy_fold
PPCHHPPCHPPPPCHCPCHC,-1,0.02556621799885761,greedy_fold
PPCHHPPCHPPPPCHCPCHC,-1,0.022603694998906576,greedy_fold
PPCHHPPCHPPPPCHCPCHC,-1,0.023617080001713475,greedy_fold
PPCHHPPCHPPPPCHCPCHC,-1,0.022320822999972734,greedy_fold
PPCHHPPCHPPPPCHCPCHC,-1,0.02382199900057458,greedy_fold
PPCHHPPCHPPPPCHCPCHC,-1,0.025474052999925334,greedy_fold
PPCHHPPCHPPPPCHCPCHC,-1,0.024666551000336767,greedy_fold
PPCHHPPCHPPPPCHCPCHC,-1,0.024571185000240803,greedy_fold
PPCHHPPCHPPPPCHCPCHC,-1,0.024339415000213194,greedy_fold
PPCHHPPCHPPPPCHCPCHC,-1,0.024298501000885153,greedy_fold
PPCHHPPCHPPPPCHCPCHC,-1,0.024463646999720368,greedy_fold
PPCHHPPCHPPPPCHCPCHC,-1,0.024706582000362687,greedy_fold
PPCHHPPCHPPPPCHCPCHC,-1,0.024350861998755136,greedy_fold
PPCHHPPCHPPPPCHCPCHC,-1,0.02452348000042548,greedy_fold
PPCHHPPCHPPPPCHCPCHC,-1,0.02731268000025011,greedy_fold
PPCHHPPCHPPPPCHCPCHC,-1,0.022568780001165578,greedy_fold
PPCHHPPCHPPPPCHCPCHC,-1,0.024521484001525096,greedy_fold
PPCHHPPCHPPPPCHCPCHC,-1,0.026930067999273888,greedy_fold
PPCHHPPCHPPPPCHCPCHC,-1,0.025341312000819016,greedy_fold
PPCHHPPCHPPPPCHCPCHC,-1,0.02483159100120247,greedy_fold
PPCHHPPCHPPPPCHCPCHC,-1,0.027017177000743686,greedy_fold
PPCHHPPCHPPPPCHCPCHC,-1,0.024576429999797256,greedy_fold
PPCHHPPCHPPPPCHCPCHC,-1,0.023749386999043054,greedy_fold
PPCHHPPCHPPPPCHCPCHC,-1,0.0250556510000024,greedy_fold
PPCHHPPCHPPPPCHCPCHC,-1,0.02645064500029548,greedy_fold
PPCHHPPCHPPPPCHCPCHC,-1,0.024098045001665014,greedy_fold
PPCHHPPCHPPPPCHCPCHC,-1,0.022328305998598807,greedy_fold
PPCHHPPCHPPPPCHCPCHC,-1,0.023061429999870597,greedy_fold
PPCHHPPCHPPPPCHCPCHC,-1,0.023746834000121453,greedy_fold
PPCHHPPCHPPPPCHCPCHC,-1,0.02269585400063079,greedy_fold
PPCHHPPCHPPPPCHCPCHC,-1,0.02254259099936462,greedy_fold
PPCHHPPCHPPPPCHCPCHC,-1,0.024488139999448322,greedy_fold
PPCHHPPCHPPPPCHCPCHC,-1,0.02470679300131451,greedy_fold
PPCHHPPCHPPPPCHCPCHC,-1,0.025488806000794284,greedy_fold
PPCHHPPCHPPPPCHCPCHC,-1,0.022485665998829063,greedy_fold
PPCHHPPCHPPPPCHCPCHC,-1,0.022657939000055194,greedy_fold
PPCHHPPCHPPPPCHCPCHC,-1,0.022709427999870968,greedy_fold
PPCHHPPCHPPPPCHCPCHC,-1,0.022704986000462668,greedy_fold
PPCHHPPCHPPPPCHCPCHC,-1,0.023067746000378975,greedy_fold
PPCHHPPCHPPPPCHCPCHC,-1,0.02350572999966971,greedy_fold
PPCHHPPCHPPPPCHCPCHC,-1,0.022772365999117028,greedy_fold
PPCHHPPCHPPPPCHCPCHC,-1,0.023389574998873286,greedy_fold
PPCHHPPCHPPPPCHCPCHC,-1,0.023889882000730722,greedy_fold
PPCHHPPCHPPPPCHCPCHC,-1,0.023926682999444893,greedy_fold
PPCHHPPCHPPPPCHCPCHC,-1,0.02227415299967106,greedy_fold
PPCHHPPCHPPPPCHCPCHC,-1,0.02252191300067352,greedy_fold
PPCHHPPCHPPPPCHCPCHC,-1,0.02420720000009169,greedy_fold
PPCHHPPCHPPPPCHCPCHC,-1,0.023604010999406455,greedy_fold
PPCHHPPCHPPPPCHCPCHC,-1,0.02442191299996921,greedy_fold
PPCHHPPCHPPPPCHCPCHC,-1,0.025719502000356442,greedy_fold
PPCHHPPCHPPPPCHCPCHC,-1,0.02452004999940982,greedy_fold
PPCHHPPCHPPPPCHCPCHC,-1,0.024578624999776366,greedy_fold
PPCHHPPCHPPPPCHCPCHC,-1,0.024446563998935744,greedy_fold
PPCHHPPCHPPPPCHCPCHC,-1,0.023262820999661926,greedy_fold
PPCHHPPCHPPPPCHCPCHC,-1,0.021222651999778464,greedy_fold
PPCHHPPCHPPPPCHCPCHC,-1,0.022752396000214503,greedy_fold
PPCHHPPCHPPPPCHCPCHC,-1,0.022207992000403465,greedy_fold
PPCHHPPCHPPPPCHCPCHC,-1,0.024300172999573988,greedy_fold
PPCHHPPCHPPPPCHCPCHC,-1,0.023416557000018656,greedy_fold
PPCHHPPCHPPPPCHCPCHC,-1,0.021574201999101206,greedy_fold
PPCHHPPCHPPPPCHCPCHC,-1,0.023186967000583536,greedy_fold
PPCHHPPCHPPPPCHCPCHC,-1,0.022970103000261588,greedy_fold
PPCHHPPCHPPPPCHCPCHC,-1,0.023894521000329405,greedy_fold
PPCHHPPCHPPPPCHCPCHC,-1,0.031060724000781192,greedy_fold
PPCHHPPCHPPPPCHCPCHC,-1,0.02980223700069473,greedy_fold
PPCHHPPCHPPPPCHCPCHC,-1,0.033091454999521375,greedy_fold
PPCHHPPCHPPPPCHCPCHC,-1,0.0420689400016272,greedy_fold
PPCHHPPCHPPPPCHCPCHC,-1,0.05133426799875451,greedy_fold
PPCHHPPCHPPPPCHCPCHC,-1,0.024361009000131162,greedy_fold
PPCHHPPCHPPPPCHCPCHC,-1,0.025779968998904224,greedy_fold
PPCHHPPCHPPPPCHCPCHC,-1,0.025447309000810492,greedy_fold
PPCHHPPCHPPPPCHCPCHC,-1,0.02515267099988705,greedy_fold
PPCHHPPCHPPPPCHCPCHC,-1,0.0254841280002438,greedy_fold
PPCHHPPCHPPPPCHCPCHC,-1,0.026866166001127567,greedy_fold
PPCHHPPCHPPPPCHCPCHC,-1,0.025484244000836043,greedy_fold
PPCHHPPCHPPPPCHCPCHC,-1,0.025467770001341705,greedy_fold
PPCHHPPCHPPPPCHCPCHC,-1,0.025690773998576333,greedy_fold
PPCHHPPCHPPPPCHCPCHC,-1,0.024075528999674134,greedy_fold
PPCHHPPCHPPPPCHCPCHC,-1,0.025477362998572062,greedy_fold
PPCHHPPCHPPPPCHCPCHC,-1,0.022580256998480763,greedy_fold
PPCHHPPCHPPPPCHCPCHC,-1,0.022990655001194682,greedy_fold
PPCHHPPCHPPPPCHCPCHC,-1,0.024062556998615037,greedy_fold
PPCHHPPCHPPPPCHCPCHC,-1,0.0239096770001197,greedy_fold
PPCHHPPCHPPPPCHCPCHC,-1,0.02620177900098497,greedy_fold
PPCHHPPCHPPPPCHCPCHC,-1,0.02561427399996319,greedy_fold
PPCHHPPCHPPPPCHCPCHC,-1,0.027979747999779647,greedy_fold
PPCHHPPCHPPPPCHCPCHC,-1,0.023778861001119367,greedy_fold
PPCHHPPCHPPPPCHCPCHC,-1,0.025142524000330013,greedy_fold
PPCHHPPCHPPPPCHCPCHC,-1,0.023848430999350967,greedy_fold
PPCHHPPCHPPPPCHCPCHC,-1,0.026449969000168494,greedy_fold
PPCHHPPCHPPPPCHCPCHC,-1,0.025370180999743752,greedy_fold
PPCHHPPCHPPPPCHCPCHC,-1,0.02560790899951826,greedy_fold
PPCHHPPCHPPPPCHCPCHC,-1,0.022768574999645352,greedy_fold
PPCHHPPCHPPPPCHCPCHC,-1,0.024230283001088537,greedy_fold
PPCHHPPCHPPPPCHCPCHC,-1,0.022607414999583852,greedy_fold
PPCHHPPCHPPPPCHCPCHC,-1,0.02492903500024113,greedy_fold
PPCHHPPCHPPPPCHCPCHC,-1,0.025344179999592598,greedy_fold
PPCHHPPCHPPPPCHCPCHC,-1,0.0248874769986287,greedy_fold
PPCHHPPCHPPPPCHCPCHC,-1,0.025372615000378573,greedy_fold
PPCHHPPCHPPPPCHCPCHC,-1,0.027449399000033736,greedy_fold
PPCHHPPCHPPPPCHCPCHC,-1,0.023606082999322098,greedy_fold
PPCHHPPCHPPPPCHCPCHC,-1,0.026130235999517026,greedy_fold
PPCHHPPCHPPPPCHCPCHC,-1,0.025871482001093682,greedy_fold
PPCHHPPCHPPPPCHCPCHC,-1,0.025340029000290087,greedy_fold
PPCHHPPCHPPPPCHCPCHC,-1,0.026906744998996146,greedy_fold
PPCHHPPCHPPPPCHCPCHC,-1,0.025604296000892646,greedy_fold
PPCHHPPCHPPPPCHCPCHC,-1,0.025947905000066385,greedy_fold
PPCHHPPCHPPPPCHCPCHC,-1,0.02408441599982325,greedy_fold
PPCHHPPCHPPPPCHCPCHC,-1,0.02405460000045423,greedy_fold
PPCHHPPCHPPPPCHCPCHC,-1,0.02483476499946846,greedy_fold
PPCHHPPCHPPPPCHCPCHC,-1,0.023490011000831146,greedy_fold
PPCHHPPCHPPPPCHCPCHC,-1,0.02277225800025917,greedy_fold
PPCHHPPCHPPPPCHCPCHC,-1,0.022642711001026328,greedy_fold
PPCHHPPCHPPPPCHCPCHC,-1,0.03130143100133864,greedy_fold
PPCHHPPCHPPPPCHCPCHC,-1,0.03713294599947403,greedy_fold
PPCHHPPCHPPPPCHCPCHC,-1,0.02801051499955065,greedy_fold
PPCHHPPCHPPPPCHCPCHC,-1,0.024080854998828727,greedy_fold
PPCHHPPCHPPPPCHCPCHC,-1,0.02573995599959744,greedy_fold
PPCHHPPCHPPPPCHCPCHC,-1,0.02357127700088313,greedy_fold
PPCHHPPCHPPPPCHCPCHC,-1,0.0232914449989039,greedy_fold
PPCHHPPCHPPPPCHCPCHC,-1,0.02315359400017769,greedy_fold
PPCHHPPCHPPPPCHCPCHC,-1,0.03495089899843151,greedy_fold
PPCHHPPCHPPPPCHCPCHC,-1,0.04071160900093673,greedy_fold
PPCHHPPCHPPPPCHCPCHC,-1,0.029798317998938728,greedy_fold
PPCHHPPCHPPPPCHCPCHC,-1,0.028374243000143906,greedy_fold
PPCHHPPCHPPPPCHCPCHC,-1,0.03291041500051506,greedy_fold
PPCHHPPCHPPPPCHCPCHC,-1,0.04015791799974977,greedy_fold
PPCHHPPCHPPPPCHCPCHC,-1,0.023757355000270763,greedy_fold
PPCHHPPCHPPPPCHCPCHC,-1,0.023747949999233242,greedy_fold
PPCHHPPCHPPPPCHCPCHC,-1,0.02265240800079482,greedy_fold
PPCHHPPCHPPPPCHCPCHC,-1,0.023950845999934245,greedy_fold
PPCHHPPCHPPPPCHCPCHC,-1,0.02350493800076947,greedy_fold
PPCHHPPCHPPPPCHCPCHC,-1,0.024486156000421033,greedy_fold
PPCHHPPCHPPPPCHCPCHC,-1,0.02420217699909699,greedy_fold
PPCHHPPCHPPPPCHCPCHC,-1,0.03132511600051657,greedy_fold
PPCHHPPCHPPPPCHCPCHC,-1,0.03320786799849884,greedy_fold
PPCHHPPCHPPPPCHCPCHC,-1,0.036934535999535,greedy_fold
PPCHHPPCHPPPPCHCPCHC,-1,0.026285780000762315,greedy_fold
PPCHHPPCHPPPPCHCPCHC,-1,0.025276741000197944,greedy_fold
PPCHHPPCHPPPPCHCPCHC,-1,0.0280380359999981,greedy_fold
PPCHHPPCHPPPPCHCPCHC,-1,0.025021711999215768,greedy_fold
PPCHHPPCHPPPPCHCPCHC,-1,0.026094221999301226,greedy_fold
PPCHHPPCHPPPPCHCPCHC,-1,0.02444611400096619,greedy_fold
PPCHHPPCHPPPPCHCPCHC,-1,0.022124465000160853,greedy_fold
PPCHHPPCHPPPPCHCPCHC,-1,0.022583501999179134,greedy_fold
PPCHHPPCHPPPPCHCPCHC,-1,0.021904047000134597,greedy_fold
PPCHHPPCHPPPPCHCPCHC,-1,0.022066690000428935,greedy_fold
PPCHHPPCHPPPPCHCPCHC,-1,0.02250237400039623,greedy_fold
PPCHHPPCHPPPPCHCPCHC,-1,0.02271695799936424,greedy_fold
PPCHHPPCHPPPPCHCPCHC,-1,0.023705207000602968,greedy_fold
PPCHHPPCHPPPPCHCPCHC,-1,0.022199979999641073,greedy_fold
PPCHHPPCHPPPPCHCPCHC,-1,0.022171634000187623,greedy_fold
PPCHHPPCHPPPPCHCPCHC,-1,0.022336156998790102,greedy_fold
PPCHHPPCHPPPPCHCPCHC,-1,0.024218378001023666,greedy_fold
PPCHHPPCHPPPPCHCPCHC,-1,0.025197188999300124,greedy_fold
PPCHHPPCHPPPPCHCPCHC,-1,0.02489108900044812,greedy_fold
PPCHHPPCHPPPPCHCPCHC,-1,0.025502426999082672,greedy_fold
PPCHHPPCHPPPPCHCPCHC,-1,0.02546859799986123,greedy_fold
PPCHHPPCHPPPPCHCPCHC,-1,0.022119971999927657,greedy_fold
PPCHHPPCHPPPPCHCPCHC,-1,0.024067303000265383,greedy_fold
PPCHHPPCHPPPPCHCPCHC,-1,0.02469336700050917,greedy_fold
PPCHHPPCHPPPPCHCPCHC,-1,0.024382225001318147,greedy_fold
PPCHHPPCHPPPPCHCPCHC,-1,0.025143546999970567,greedy_fold
PPCHHPPCHPPPPCHCPCHC,-1,0.024764382000284968,greedy_fold
PPCHHPPCHPPPPCHCPCHC,-1,0.025137173000985058,greedy_fold
PPCHHPPCHPPPPCHCPCHC,-1,0.025757769999472657,greedy_fold
PPCHHPPCHPPPPCHCPCHC,-1,0.0253057110003283,greedy_fold
PPCHHPPCHPPPPCHCPCHC,-1,0.02578221499970823,greedy_fold
PPCHHPPCHPPPPCHCPCHC,-1,0.027485890001116786,greedy_fold
PPCHHPPCHPPPPCHCPCHC,-1,0.02674268200098595,greedy_fold
PPCHHPPCHPPPPCHCPCHC,-1,0.02760732600108895,greedy_fold
PPCHHPPCHPPPPCHCPCHC,-1,0.026391187000626815,greedy_fold
PPCHHPPCHPPPPCHCPCHC,-1,0.02556310700128961,greedy_fold
PPCHHPPCHPPPPCHCPCHC,-1,0.027616432998911478,greedy_fold
PPCHHPPCHPPPPCHCPCHC,-1,0.02508259999922302,greedy_fold
PPCHHPPCHPPPPCHCPCHC,-1,0.027855014999659033,greedy_fold
PPCHHPPCHPPPPCHCPCHC,-1,0.028175394998470438,greedy_fold
PPCHHPPCHPPPPCHCPCHC,-1,0.03035630199883599,greedy_fold
PPCHHPPCHPPPPCHCPCHC,-1,0.028090188001442584,greedy_fold
PPCHHPPCHPPPPCHCPCHC,-1,0.027374884999517235,greedy_fold
PPCHHPPCHPPPPCHCPCHC,-1,0.027962766998825828,greedy_fold
PPCHHPPCHPPPPCHCPCHC,-1,0.031399004999911995,greedy_fold
PPCHHPPCHPPPPCHCPCHC,-1,0.03166083799987973,greedy_fold
PPCHHPPCHPPPPCHCPCHC,-1,0.027952479000305175,greedy_fold
PPCHHPPCHPPPPCHCPCHC,-1,0.02369966799960821,greedy_fold
PPCHHPPCHPPPPCHCPCHC,-1,0.0249568420003925,greedy_fold
PPCHHPPCHPPPPCHCPCHC,-1,0.025424231998840696,greedy_fold
PPCHHPPCHPPPPCHCPCHC,-1,0.026257700999849476,greedy_fold
PPCHHPPCHPPPPCHCPCHC,-1,0.02535545499995351,greedy_fold
PPCHHPPCHPPPPCHCPCHC,-1,0.025317382998764515,greedy_fold
PPCHHPPCHPPPPCHCPCHC,-1,0.02915462300006766,greedy_fold
PPCHHPPCHPPPPCHCPCHC,-1,0.028923128000315046,greedy_fold
PPCHHPPCHPPPPCHCPCHC,-1,0.026979221998772118,greedy_fold
PPCHHPPCHPPPPCHCPCHC,-1,0.024037011999098468,greedy_fold
PPCHHPPCHPPPPCHCPCHC,-1,0.02498710200052301,greedy_fold
PPCHHPPCHPPPPCHCPCHC,-1,0.022361871999237337,greedy_fold
PPCHHPPCHPPPPCHCPCHC,-1,0.022886756998559576,greedy_fold
PPCHHPPCHPPPPCHCPCHC,-1,0.0237009760003275,greedy_fold
PPCHHPPCHPPPPCHCPCHC,-1,0.02462807600022643,greedy_fold
PPCHHPPCHPPPPCHCPCHC,-1,0.025689532998512732,greedy_fold
PPCHHPPCHPPPPCHCPCHC,-1,0.025392080999154132,greedy_fold
PPCHHPPCHPPPPCHCPCHC,-1,0.02574860100139631,greedy_fold
PPCHHPPCHPPPPCHCPCHC,-1,0.025833050000073854,greedy_fold
PPCHHPPCHPPPPCHCPCHC,-1,0.02912782299972605,greedy_fold
PPCHHPPCHPPPPCHCPCHC,-1,0.02471808699920075,greedy_fold
PPCHHPPCHPPPPCHCPCHC,-1,0.026028586999018444,greedy_fold
PPCHHPPCHPPPPCHCPCHC,-1,0.027139854999404633,greedy_fold
PPCHHPPCHPPPPCHCPCHC,-1,0.023439297001459636,greedy_fold
PPCHHPPCHPPPPCHCPCHC,-1,0.023448119000022416,greedy_fold
PPCHHPPCHPPPPCHCPCHC,-1,0.027060456999606686,greedy_fold
PPCHHPPCHPPPPCHCPCHC,-1,0.024592211999333813,greedy_fold
PPCHHPPCHPPPPCHCPCHC,-1,0.022297096000329475,greedy_fold
PPCHHPPCHPPPPCHCPCHC,-1,0.022710473000188358,greedy_fold
PPCHHPPCHPPPPCHCPCHC,-1,0.022724800999640138,greedy_fold
PPCHHPPCHPPPPCHCPCHC,-1,0.02442206200066721,greedy_fold
PPCHHPPCHPPPPCHCPCHC,-1,0.025546106000547297,greedy_fold
PPCHHPPCHPPPPCHCPCHC,-1,0.02536805700037803,greedy_fold
PPCHHPPCHPPPPCHCPCHC,-1,0.025196431999574997,greedy_fold
PPCHHPPCHPPPPCHCPCHC,-1,0.026131003000045894,greedy_fold
PPCHHPPCHPPPPCHCPCHC,-1,0.024820419999741716,greedy_fold
PPCHHPPCHPPPPCHCPCHC,-1,0.02601255900117394,greedy_fold
PPCHHPPCHPPPPCHCPCHC,-1,0.025740297000083956,greedy_fold
PPCHHPPCHPPPPCHCPCHC,-1,0.02570849399853614,greedy_fold
PPCHHPPCHPPPPCHCPCHC,-1,0.02546279600028356,greedy_fold
PPCHHPPCHPPPPCHCPCHC,-1,0.025822715999311185,greedy_fold
PPCHHPPCHPPPPCHCPCHC,-1,0.02622678899933817,greedy_fold
PPCHHPPCHPPPPCHCPCHC,-1,0.02561987099943508,greedy_fold
PPCHHPPCHPPPPCHCPCHC,-1,0.02391358999921067,greedy_fold
PPCHHPPCHPPPPCHCPCHC,-1,0.024972028000775026,greedy_fold
PPCHHPPCHPPPPCHCPCHC,-1,0.02584578700043494,greedy_fold
PPCHHPPCHPPPPCHCPCHC,-1,0.025884274000418372,greedy_fold
PPCHHPPCHPPPPCHCPCHC,-1,0.024400569000135874,greedy_fold
PPCHHPPCHPPPPCHCPCHC,-1,0.023020631000690628,greedy_fold
PPCHHPPCHPPPPCHCPCHC,-1,0.024172253999495297,greedy_fold
PPCHHPPCHPPPPCHCPCHC,-1,0.022136337000119966,greedy_fold
PPCHHPPCHPPPPCHCPCHC,-1,0.02249171500079683,greedy_fold
PPCHHPPCHPPPPCHCPCHC,-1,0.021927630999925896,greedy_fold
PPCHHPPCHPPPPCHCPCHC,-1,0.02377749799961748,greedy_fold
PPCHHPPCHPPPPCHCPCHC,-1,0.02429019700139179,greedy_fold
PPCHHPPCHPPPPCHCPCHC,-1,0.024414871999397292,greedy_fold
PPCHHPPCHPPPPCHCPCHC,-1,0.023990814999706345,greedy_fold
PPCHHPPCHPPPPCHCPCHC,-1,0.02187572100046964,greedy_fold
PPCHHPPCHPPPPCHCPCHC,-1,0.023633934999452322,greedy_fold
PPCHHPPCHPPPPCHCPCHC,-1,0.022987301999819465,greedy_fold
PPCHHPPCHPPPPCHCPCHC,-1,0.023241878001499572,greedy_fold
PPCHHPPCHPPPPCHCPCHC,-1,0.023175386000730214,greedy_fold
PPCHHPPCHPPPPCHCPCHC,-1,0.023619022000275436,greedy_fold
PPCHHPPCHPPPPCHCPCHC,-1,0.022975588999543106,greedy_fold
PPCHHPPCHPPPPCHCPCHC,-1,0.02256732500063663,greedy_fold
PPCHHPPCHPPPPCHCPCHC,-1,0.022916068000995438,greedy_fold
PPCHHPPCHPPPPCHCPCHC,-1,0.023743470999761485,greedy_fold
PPCHHPPCHPPPPCHCPCHC,-1,0.024089017999358475,greedy_fold
PPCHHPPCHPPPPCHCPCHC,-1,0.024270846000945312,greedy_fold
PPCHHPPCHPPPPCHCPCHC,-1,0.024575720000939327,greedy_fold
PPCHHPPCHPPPPCHCPCHC,-1,0.02468644399959885,greedy_fold
PPCHHPPCHPPPPCHCPCHC,-1,0.02220177699928172,greedy_fold
PPCHHPPCHPPPPCHCPCHC,-1,0.022084232999986853,greedy_fold
PPCHHPPCHPPPPCHCPCHC,-1,0.022509799000545172,greedy_fold
PPCHHPPCHPPPPCHCPCHC,-1,0.022600382999371504,greedy_fold
PPCHHPPCHPPPPCHCPCHC,-1,0.023057823000272037,greedy_fold
PPCHHPPCHPPPPCHCPCHC,-1,0.023241773000336252,greedy_fold
PPCHHPPCHPPPPCHCPCHC,-1,0.023147178999352036,greedy_fold
PPCHHPPCHPPPPCHCPCHC,-1,0.022659587000816828,greedy_fold
PPCHHPPCHPPPPCHCPCHC,-1,0.023406759999488713,greedy_fold
PPCHHPPCHPPPPCHCPCHC,-1,0.024620960000902414,greedy_fold
PPCHHPPCHPPPPCHCPCHC,-1,0.024871902000086266,greedy_fold
PPCHHPPCHPPPPCHCPCHC,-1,0.025390546999915387,greedy_fold
PPCHHPPCHPPPPCHCPCHC,-1,0.024129940000420902,greedy_fold
PPCHHPPCHPPPPCHCPCHC,-1,0.02550273700035177,greedy_fold
PPCHHPPCHPPPPCHCPCHC,-1,0.025272036999012926,greedy_fold
PPCHHPPCHPPPPCHCPCHC,-1,0.025769492998733767,greedy_fold
PPCHHPPCHPPPPCHCPCHC,-1,0.02550970199990843,greedy_fold
PPCHHPPCHPPPPCHCPCHC,-1,0.0242801820004388,greedy_fold
PPCHHPPCHPPPPCHCPCHC,-1,0.02430834199913079,greedy_fold
PPCHHPPCHPPPPCHCPCHC,-1,0.02507340000011027,greedy_fold
PPCHHPPCHPPPPCHCPCHC,-1,0.0248414399993635,greedy_fold
PPCHHPPCHPPPPCHCPCHC,-1,0.025198387998898397,greedy_fold
PPCHHPPCHPPPPCHCPCHC,-1,0.03363943099975586,greedy_fold
PPCHHPPCHPPPPCHCPCHC,-1,0.03259380999952555,greedy_fold
PPCHHPPCHPPPPCHCPCHC,-1,0.02203125199957867,greedy_fold
PPCHHPPCHPPPPCHCPCHC,-1,0.023361937999652582,greedy_fold
PPCHHPPCHPPPPCHCPCHC,-1,0.023020681001071353,greedy_fold
PPCHHPPCHPPPPCHCPCHC,-1,0.022874919000969385,greedy_fold
PPCHHPPCHPPPPCHCPCHC,-1,0.023019551999823307,greedy_fold
PPCHHPPCHPPPPCHCPCHC,-1,0.02277986799890641,greedy_fold
PPCHHPPCHPPPPCHCPCHC,-1,0.02288670100097079,greedy_fold
PPCHHPPCHPPPPCHCPCHC,-1,0.02290159800031688,greedy_fold
PPCHHPPCHPPPPCHCPCHC,-1,0.02273267499913345,greedy_fold
PPCHHPPCHPPPPCHCPCHC,-1,0.02276581700061797,greedy_fold
PPCHHPPCHPPPPCHCPCHC,-1,0.022700691000864026,greedy_fold
PPCHHPPCHPPPPCHCPCHC,-1,0.02296135299911839,greedy_fold
PPCHHPPCHPPPPCHCPCHC,-1,0.023141005000070436,greedy_fold
PPCHHPPCHPPPPCHCPCHC,-1,0.022234015001231455,greedy_fold
PPCHHPPCHPPPPCHCPCHC,-1,0.023243980000188458,greedy_fold
PPCHHPPCHPPPPCHCPCHC,-1,0.023858240001572995,greedy_fold
PPCHHPPCHPPPPCHCPCHC,-1,0.024434187000224483,greedy_fold
PPCHHPPCHPPPPCHCPCHC,-1,0.024617967999802204,greedy_fold
PPCHHPPCHPPPPCHCPCHC,-1,0.024117395998473512,greedy_fold
PPCHHPPCHPPPPCHCPCHC,-1,0.023463858000468463,greedy_fold
PPCHHPPCHPPPPCHCPCHC,-1,0.02505642500000249,greedy_fold
PPCHHPPCHPPPPCHCPCHC,-1,0.024912382001275546,greedy_fold
PPCHHPPCHPPPPCHCPCHC,-1,0.025487970999165555,greedy_fold
PPCHHPPCHPPPPCHCPCHC,-1,0.024263191000500228,greedy_fold
PPCHHPPCHPPPPCHCPCHC,-1,0.022128382999653695,greedy_fold
PPCHHPPCHPPPPCHCPCHC,-1,0.02270134199898166,greedy_fold
PPCHHPPCHPPPPCHCPCHC,-1,0.02327367699945171,greedy_fold
PPCHHPPCHPPPPCHCPCHC,-1,0.02329634599846031,greedy_fold
PPCHHPPCHPPPPCHCPCHC,-1,0.022222464000151376,greedy_fold
PPCHHPPCHPPPPCHCPCHC,-1,0.02302905400028976,greedy_fold
PPCHHPPCHPPPPCHCPCHC,-1,0.024699794999833102,greedy_fold
PPCHHPPCHPPPPCHCPCHC,-1,0.02549898600045708,greedy_fold
PPCHHPPCHPPPPCHCPCHC,-1,0.024195202000555582,greedy_fold
PPCHHPPCHPPPPCHCPCHC,-1,0.02183187799892039,greedy_fold
PPCHHPPCHPPPPCHCPCHC,-1,0.02246553399891127,greedy_fold
PPCHHPPCHPPPPCHCPCHC,-1,0.022459199999502744,greedy_fold
PPCHHPPCHPPPPCHCPCHC,-1,0.02288856700033648,greedy_fold
PPCHHPPCHPPPPCHCPCHC,-1,0.02430647300025157,greedy_fold
PPCHHPPCHPPPPCHCPCHC,-1,0.023760269999911543,greedy_fold
PPCHHPPCHPPPPCHCPCHC,-1,0.025825463000728632,greedy_fold
PPCHHPPCHPPPPCHCPCHC,-1,0.02605221300109406,greedy_fold
PPCHHPPCHPPPPCHCPCHC,-1,0.02608829900054843,greedy_fold
PPCHHPPCHPPPPCHCPCHC,-1,0.026044643000204815,greedy_fold
PPCHHPPCHPPPPCHCPCHC,-1,0.02570398399984697,greedy_fold
PPCHHPPCHPPPPCHCPCHC,-1,0.02658120100022643,greedy_fold
PPCHHPPCHPPPPCHCPCHC,-1,0.0248397550003574,greedy_fold
PPCHHPPCHPPPPCHCPCHC,-1,0.02444476900018344,greedy_fold
PPCHHPPCHPPPPCHCPCHC,-1,0.025243303000024753,greedy_fold
PPCHHPPCHPPPPCHCPCHC,-1,0.025119570998867857,greedy_fold
PPCHHPPCHPPPPCHCPCHC,-1,0.024813153999275528,greedy_fold
PPCHHPPCHPPPPCHCPCHC,-1,0.022715862000040943,greedy_fold
PPCHHPPCHPPPPCHCPCHC,-1,0.02216263400077878,greedy_fold
PPCHHPPCHPPPPCHCPCHC,-1,0.023111679998692125,greedy_fold
PPCHHPPCHPPPPCHCPCHC,-1,0.022630338000453776,greedy_fold
PPCHHPPCHPPPPCHCPCHC,-1,0.023064057999363285,greedy_fold
PPCHHPPCHPPPPCHCPCHC,-1,0.024592723000750993,greedy_fold
PPCHHPPCHPPPPCHCPCHC,-1,0.024642550999487867,greedy_fold
PPCHHPPCHPPPPCHCPCHC,-1,0.02497427300113486,greedy_fold
PPCHHPPCHPPPPCHCPCHC,-1,0.02146341899970139,greedy_fold
PPCHHPPCHPPPPCHCPCHC,-1,0.022185800000443123,greedy_fold
PPCHHPPCHPPPPCHCPCHC,-1,0.022414932000174304,greedy_fold
PPCHHPPCHPPPPCHCPCHC,-1,0.022460202999354806,greedy_fold
PPCHHPPCHPPPPCHCPCHC,-1,0.022623818998908973,greedy_fold
PPCHHPPCHPPPPCHCPCHC,-1,0.022826309999800287,greedy_fold
PPCHHPPCHPPPPCHCPCHC,-1,0.022706702999130357,greedy_fold
PPCHHPPCHPPPPCHCPCHC,-1,0.023812254999938887,greedy_fold
PPCHHPPCHPPPPCHCPCHC,-1,0.022745636999388807,greedy_fold
PPCHHPPCHPPPPCHCPCHC,-1,0.022788588001276366,greedy_fold
PPCHHPPCHPPPPCHCPCHC,-1,0.023701955000433372,greedy_fold
PPCHHPPCHPPPPCHCPCHC,-1,0.023165290000179084,greedy_fold
PPCHHPPCHPPPPCHCPCHC,-1,0.02411969499917177,greedy_fold
PPCHHPPCHPPPPCHCPCHC,-1,0.02324487400073849,greedy_fold
PPCHHPPCHPPPPCHCPCHC,-1,0.023832597998989513,greedy_fold
PPCHHPPCHPPPPCHCPCHC,-1,0.022205248998943716,greedy_fold
PPCHHPPCHPPPPCHCPCHC,-1,0.022043044999009,greedy_fold
PPCHHPPCHPPPPCHCPCHC,-1,0.022825321000709664,greedy_fold
PPCHHPPCHPPPPCHCPCHC,-1,0.0249025029988843,greedy_fold
PPCHHPPCHPPPPCHCPCHC,-1,0.024836770999172586,greedy_fold
PPCHHPPCHPPPPCHCPCHC,-1,0.02561003300070297,greedy_fold
PPCHHPPCHPPPPCHCPCHC,-1,0.02548103200024343,greedy_fold
PPCHHPPCHPPPPCHCPCHC,-1,0.02520397599982971,greedy_fold
PPCHHPPCHPPPPCHCPCHC,-1,0.025313127998742857,greedy_fold
PPCHHPPCHPPPPCHCPCHC,-1,0.024878996999177616,greedy_fold
PPCHHPPCHPPPPCHCPCHC,-1,0.021601866001219605,greedy_fold
PPCHHPPCHPPPPCHCPCHC,-1,0.02239824600110296,greedy_fold
PPCHHPPCHPPPPCHCPCHC,-1,0.022406593001505826,greedy_fold
PPCHHPPCHPPPPCHCPCHC,-1,0.022620493999056634,greedy_fold
PPCHHPPCHPPPPCHCPCHC,-1,0.023105820999262505,greedy_fold
PPCHHPPCHPPPPCHCPCHC,-1,0.022950225000386126,greedy_fold
PPCHHPPCHPPPPCHCPCHC,-1,0.023184477000540937,greedy_fold
PPCHHPPCHPPPPCHCPCHC,-1,0.022386528000424732,greedy_fold
PPCHHPPCHPPPPCHCPCHC,-1,0.023730719000013778,greedy_fold
PPCHHPPCHPPPPCHCPCHC,-1,0.02190884400079085,greedy_fold
PPCHHPPCHPPPPCHCPCHC,-1,0.02335249499992642,greedy_fold
PPCHHPPCHPPPPCHCPCHC,-1,0.024260885000330745,greedy_fold
PPCHHPPCHPPPPCHCPCHC,-1,0.02437483099856763,greedy_fold
PPCHHPPCHPPPPCHCPCHC,-1,0.0248844289999397,greedy_fold
PPCHHPPCHPPPPCHCPCHC,-1,0.02475021700047364,greedy_fold
PPCHHPPCHPPPPCHCPCHC,-1,0.025153160999252577,greedy_fold
PPCHHPPCHPPPPCHCPCHC,-1,0.024920245001339936,greedy_fold
PPCHHPPCHPPPPCHCPCHC,-1,0.025037573999725282,greedy_fold
PPCHHPPCHPPPPCHCPCHC,-1,0.02492236100079026,greedy_fold
PPCHHPPCHPPPPCHCPCHC,-1,0.024956040000688517,greedy_fold
PPCHHPPCHPPPPCHCPCHC,-1,0.024781280000752304,greedy_fold
PPCHHPPCHPPPPCHCPCHC,-1,0.021358295998652466,greedy_fold
PPCHHPPCHPPPPCHCPCHC,-1,0.02384458200140216,greedy_fold
PPCHHPPCHPPPPCHCPCHC,-1,0.025392540001121233,greedy_fold
PPCHHPPCHPPPPCHCPCHC,-1,0.025439335999180912,greedy_fold
PPCHHPPCHPPPPCHCPCHC,-1,0.024615850001282524,greedy_fold
PPCHHPPCHPPPPCHCPCHC,-1,0.02405585999986215,greedy_fold
PPCHHPPCHPPPPCHCPCHC,-1,0.02492683099990245,greedy_fold
PPCHHPPCHPPPPCHCPCHC,-1,0.02495132800140709,greedy_fold
PPCHHPPCHPPPPCHCPCHC,-1,0.02555041999949026,greedy_fold
PPCHHPPCHPPPPCHCPCHC,-1,0.02529907800089859,greedy_fold
PPCHHPPCHPPPPCHCPCHC,-1,0.024908962001063628,greedy_fold
PPCHHPPCHPPPPCHCPCHC,-1,0.024930059000325855,greedy_fold
PPCHHPPCHPPPPCHCPCHC,-1,0.024966202001451165,greedy_fold
PPCHHPPCHPPPPCHCPCHC,-1,0.024970198999653803,greedy_fold
PPCHHPPCHPPPPCHCPCHC,-1,0.02552317099980428,greedy_fold
PPCHHPPCHPPPPCHCPCHC,-1,0.023115912999855937,greedy_fold
PPCHHPPCHPPPPCHCPCHC,-1,0.02487549199940986,greedy_fold
PPCHHPPCHPPPPCHCPCHC,-1,0.025412977000087267,greedy_fold
PPCHHPPCHPPPPCHCPCHC,-1,0.02520112400088692,greedy_fold
PPCHHPPCHPPPPCHCPCHC,-1,0.025547758999891812,greedy_fold
PPCHHPPCHPPPPCHCPCHC,-1,0.025892380999721354,greedy_fold
PPCHHPPCHPPPPCHCPCHC,-1,0.02568093400077487,greedy_fold
PPCHHPPCHPPPPCHCPCHC,-1,0.025185652999425656,greedy_fold
PPCHHPPCHPPPPCHCPCHC,-1,0.02501077800116036,greedy_fold
PPCHHPPCHPPPPCHCPCHC,-1,0.021699707000152557,greedy_fold
PPCHHPPCHPPPPCHCPCHC,-1,0.022910646999662276,greedy_fold
PPCHHPPCHPPPPCHCPCHC,-1,0.0221964520005713,greedy_fold
PPCHHPPCHPPPPCHCPCHC,-1,0.022449084999607294,greedy_fold
PPCHHPPCHPPPPCHCPCHC,-1,0.025028089999977965,greedy_fold
PPCHHPPCHPPPPCHCPCHC,-1,0.022684021001623478,greedy_fold
PPCHHPPCHPPPPCHCPCHC,-1,0.02355026900113444,greedy_fold
PPCHHPPCHPPPPCHCPCHC,-1,0.022093462001066655,greedy_fold
PPCHHPPCHPPPPCHCPCHC,-1,0.023878336998677696,greedy_fold
PPCHHPPCHPPPPCHCPCHC,-1,0.024636715999804437,greedy_fold
PPCHHPPCHPPPPCHCPCHC,-1,0.025202513001204352,greedy_fold
PPCHHPPCHPPPPCHCPCHC,-1,0.025153264001346542,greedy_fold
PPCHHPPCHPPPPCHCPCHC,-1,0.023533464000138338,greedy_fold
PPCHHPPCHPPPPCHCPCHC,-1,0.022015047001332277,greedy_fold
PPCHHPPCHPPPPCHCPCHC,-1,0.022441533999881358,greedy_fold
PPCHHPPCHPPPPCHCPCHC,-1,0.02264580399969418,greedy_fold
PPCHHPPCHPPPPCHCPCHC,-1,0.02272999799970421,greedy_fold
PPCHHPPCHPPPPCHCPCHC,-1,0.022776571999202133,greedy_fold
PPCHHPPCHPPPPCHCPCHC,-1,0.023006438999800594,greedy_fold
PPCHHPPCHPPPPCHCPCHC,-1,0.02290459899995767,greedy_fold
PPCHHPPCHPPPPCHCPCHC,-1,0.022921914998732973,greedy_fold
PPCHHPPCHPPPPCHCPCHC,-1,0.023913311000796966,greedy_fold
PPCHHPPCHPPPPCHCPCHC,-1,0.024469636999128852,greedy_fold
PPCHHPPCHPPPPCHCPCHC,-1,0.025007463000292773,greedy_fold
PPCHHPPCHPPPPCHCPCHC,-1,0.025763351999557926,greedy_fold
PPCHHPPCHPPPPCHCPCHC,-1,0.026868961000218405,greedy_fold
PPCHHPPCHPPPPCHCPCHC,-1,0.027448789000118268,greedy_fold
PPCHHPPCHPPPPCHCPCHC,-1,0.02418776200102002,greedy_fold
PPCHHPPCHPPPPCHCPCHC,-1,0.024309750999236712,greedy_fold
PPCHHPPCHPPPPCHCPCHC,-1,0.02509899399956339,greedy_fold
PPCHHPPCHPPPPCHCPCHC,-1,0.028157366999948863,greedy_fold
PPCHHPPCHPPPPCHCPCHC,-1,0.02310925799974939,greedy_fold
PPCHHPPCHPPPPCHCPCHC,-1,0.025393772000825265,greedy_fold
PPCHHPPCHPPPPCHCPCHC,-1,0.024916796000979957,greedy_fold
PPCHHPPCHPPPPCHCPCHC,-1,0.02522497499921883,greedy_fold
PPCHHPPCHPPPPCHCPCHC,-1,0.02492613899994467,greedy_fold
PPCHHPPCHPPPPCHCPCHC,-1,0.02502654700037965,greedy_fold
PPCHHPPCHPPPPCHCPCHC,-1,0.025115933998677065,greedy_fold
PPCHHPPCHPPPPCHCPCHC,-1,0.025975250000556116,greedy_fold
PPCHHPPCHPPPPCHCPCHC,-1,0.02294075999998313,greedy_fold
PPCHHPPCHPPPPCHCPCHC,-1,0.02556209600152215,greedy_fold
PPCHHPPCHPPPPCHCPCHC,-1,0.05651943800148729,greedy_fold
PPCHHPPCHPPPPCHCPCHC,-1,0.03240431000085664,greedy_fold
PPCHHPPCHPPPPCHCPCHC,-1,0.038339847000315785,greedy_fold
PPCHHPPCHPPPPCHCPCHC,-1,0.0383832400002575,greedy_fold
PPCHHPPCHPPPPCHCPCHC,-1,0.04334117700091156,greedy_fold
PPCHHPPCHPPPPCHCPCHC,-1,0.04146492400104762,greedy_fold
PPCHHPPCHPPPPCHCPCHC,-1,0.03991137099910702,greedy_fold
PPCHHPPCHPPPPCHCPCHC,-1,0.0425016549997963,greedy_fold
PPCHHPPCHPPPPCHCPCHC,-1,0.03670334100024775,greedy_fold
PPCHHPPCHPPPPCHCPCHC,-1,0.03266063699993538,greedy_fold
PPCHHPPCHPPPPCHCPCHC,-1,0.026199133999398327,greedy_fold
PPCHHPPCHPPPPCHCPCHC,-1,0.027643677000014577,greedy_fold
PPCHHPPCHPPPPCHCPCHC,-1,0.024833882998791523,greedy_fold
PPCHHPPCHPPPPCHCPCHC,-1,0.027056793000156176,greedy_fold
PPCHHPPCHPPPPCHCPCHC,-1,0.026871422998738126,greedy_fold
PPCHHPPCHPPPPCHCPCHC,-1,0.02678367699991213,greedy_fold
PPCHHPPCHPPPPCHCPCHC,-1,0.02670070400017721,greedy_fold
PPCHHPPCHPPPPCHCPCHC,-1,0.025417769998966833,greedy_fold
PPCHHPPCHPPPPCHCPCHC,-1,0.023708448999968823,greedy_fold
PPCHHPPCHPPPPCHCPCHC,-1,0.022570962999452604,greedy_fold
PPCHHPPCHPPPPCHCPCHC,-1,0.023664215999815497,greedy_fold
PPCHHPPCHPPPPCHCPCHC,-1,0.023889886999313603,greedy_fold
PPCHHPPCHPPPPCHCPCHC,-1,0.02613946000019496,greedy_fold
PPCHHPPCHPPPPCHCPCHC,-1,0.023850184999901103,greedy_fold
PPCHHPPCHPPPPCHCPCHC,-1,0.02661806000105571,greedy_fold
PPCHHPPCHPPPPCHCPCHC,-1,0.02720875100021658,greedy_fold
PPCHHPPCHPPPPCHCPCHC,-1,0.027553849999094382,greedy_fold
PPCHHPPCHPPPPCHCPCHC,-1,0.026390504999653785,greedy_fold
PPCHHPPCHPPPPCHCPCHC,-1,0.025792731999899843,greedy_fold
PPCHHPPCHPPPPCHCPCHC,-1,0.03039514600095572,greedy_fold
PPCHHPPCHPPPPCHCPCHC,-1,0.027890227000170853,greedy_fold
PPCHHPPCHPPPPCHCPCHC,-1,0.02562160900015442,greedy_fold
PPCHHPPCHPPPPCHCPCHC,-1,0.024810909999359865,greedy_fold
PPCHHPPCHPPPPCHCPCHC,-1,0.024812055000438704,greedy_fold
PPCHHPPCHPPPPCHCPCHC,-1,0.032269600000290666,greedy_fold
PPCHHPPCHPPPPCHCPCHC,-1,0.0275276219999796,greedy_fold
PPCHHPPCHPPPPCHCPCHC,-1,0.02450943800067762,greedy_fold
PPCHHPPCHPPPPCHCPCHC,-1,0.023889404999863473,greedy_fold
PPCHHPPCHPPPPCHCPCHC,-1,0.025144507999357302,greedy_fold
PPCHHPPCHPPPPCHCPCHC,-1,0.025891870000123163,greedy_fold
PPCHHPPCHPPPPCHCPCHC,-1,0.023767598999256734,greedy_fold
PPCHHPPCHPPPPCHCPCHC,-1,0.02415256899985252,greedy_fold
PPCHHPPCHPPPPCHCPCHC,-1,0.023604698000781354,greedy_fold
PPCHHPPCHPPPPCHCPCHC,-1,0.024362064999877475,greedy_fold
PPCHHPPCHPPPPCHCPCHC,-1,0.023573313001179486,greedy_fold
PPCHHPPCHPPPPCHCPCHC,-1,0.024453559999528807,greedy_fold
PPCHHPPCHPPPPCHCPCHC,-1,0.02536490700003924,greedy_fold
PPCHHPPCHPPPPCHCPCHC,-1,0.025382358000570093,greedy_fold
PPCHHPPCHPPPPCHCPCHC,-1,0.025984217998484382,greedy_fold
PPCHHPPCHPPPPCHCPCHC,-1,0.025822645000516786,greedy_fold
PPCHHPPCHPPPPCHCPCHC,-1,0.025443331000133185,greedy_fold
PPCHHPPCHPPPPCHCPCHC,-1,0.025486553999144235,greedy_fold
PPCHHPPCHPPPPCHCPCHC,-1,0.02591206999932183,greedy_fold
PPCHHPPCHPPPPCHCPCHC,-1,0.025798110000323504,greedy_fold
PPCHHPPCHPPPPCHCPCHC,-1,0.02462978899893642,greedy_fold
PPCHHPPCHPPPPCHCPCHC,-1,0.03149637900060043,greedy_fold
PPCHHPPCHPPPPCHCPCHC,-1,0.02233357399927627,greedy_fold
PPCHHPPCHPPPPCHCPCHC,-1,0.022675331001664745,greedy_fold
PPCHHPPCHPPPPCHCPCHC,-1,0.02383009699951799,greedy_fold
PPCHHPPCHPPPPCHCPCHC,-1,0.02713311599836743,greedy_fold
PPCHHPPCHPPPPCHCPCHC,-1,0.026170393999564112,greedy_fold
PPCHHPPCHPPPPCHCPCHC,-1,0.026659315999495448,greedy_fold
PPCHHPPCHPPPPCHCPCHC,-1,0.02416789000017161,greedy_fold
PPCHHPPCHPPPPCHCPCHC,-1,0.02319200700003421,greedy_fold
PPCHHPPCHPPPPCHCPCHC,-1,0.0239213960012421,greedy_fold
PPCHHPPCHPPPPCHCPCHC,-1,0.025464227999691502,greedy_fold
PPCHHPPCHPPPPCHCPCHC,-1,0.02493592599967087,greedy_fold
PPCHHPPCHPPPPCHCPCHC,-1,0.025879284001348424,greedy_fold
PPCHHPPCHPPPPCHCPCHC,-1,0.027401314000599086,greedy_fold
PPCHHPPCHPPPPCHCPCHC,-1,0.023323682999034645,greedy_fold
PPCHHPPCHPPPPCHCPCHC,-1,0.0252894790010032,greedy_fold
PPCHHPPCHPPPPCHCPCHC,-1,0.02613864900013141,greedy_fold
PPCHHPPCHPPPPCHCPCHC,-1,0.025839346999418922,greedy_fold
PPCHHPPCHPPPPCHCPCHC,-1,0.026188690000708448,greedy_fold
PPCHHPPCHPPPPCHCPCHC,-1,0.028154591000202345,greedy_fold
PPCHHPPCHPPPPCHCPCHC,-1,0.022907212000063737,greedy_fold
PPCHHPPCHPPPPCHCPCHC,-1,0.025185090000377386,greedy_fold
PPCHHPPCHPPPPCHCPCHC,-1,0.024999772000228404,greedy_fold
PPCHHPPCHPPPPCHCPCHC,-1,0.026418957000714727,greedy_fold
PPCHHPPCHPPPPCHCPCHC,-1,0.02609524099898408,greedy_fold
PPCHHPPCHPPPPCHCPCHC,-1,0.02640335599971877,greedy_fold
PPCHHPPCHPPPPCHCPCHC,-1,0.027391355999498046,greedy_fold
PPCHHPPCHPPPPCHCPCHC,-1,0.025801653999224072,greedy_fold
PPCHHPPCHPPPPCHCPCHC,-1,0.02929408399904787,greedy_fold
PPCHHPPCHPPPPCHCPCHC,-1,0.030628022001110367,greedy_fold
PPCHHPPCHPPPPCHCPCHC,-1,0.026272363000316545,greedy_fold
PPCHHPPCHPPPPCHCPCHC,-1,0.02611513699957868,greedy_fold
PPCHHPPCHPPPPCHCPCHC,-1,0.024354925999432453,greedy_fold
PPCHHPPCHPPPPCHCPCHC,-1,0.02297601500140445,greedy_fold
PPCHHPPCHPPPPCHCPCHC,-1,0.0278110689996538,greedy_fold
PPCHHPPCHPPPPCHCPCHC,-1,0.025340760999824852,greedy_fold
PPCHHPPCHPPPPCHCPCHC,-1,0.025275370999224833,greedy_fold
PPCHHPPCHPPPPCHCPCHC,-1,0.025523368998619844,greedy_fold
PPCHHPPCHPPPPCHCPCHC,-1,0.028564797999933944,greedy_fold
PPCHHPPCHPPPPCHCPCHC,-1,0.026170725999691058,greedy_fold
PPCHHPPCHPPPPCHCPCHC,-1,0.024824370999340317,greedy_fold
PPCHHPPCHPPPPCHCPCHC,-1,0.02795791599965014,greedy_fold
PPCHHPPCHPPPPCHCPCHC,-1,0.026226095000311034,greedy_fold
PPCHHPPCHPPPPCHCPCHC,-1,0.024802849999105092,greedy_fold
PPCHHPPCHPPPPCHCPCHC,-1,0.02365331500004686,greedy_fold
PPCHHPPCHPPPPCHCPCHC,-1,0.026783802000863943,greedy_fold
PPCHHPPCHPPPPCHCPCHC,-1,0.027235001000008197,greedy_fold
PPCHHPPCHPPPPCHCPCHC,-1,0.02418394100095611,greedy_fold
PPCHHPPCHPPPPCHCPCHC,-1,0.027771904000474024,greedy_fold
PPCHHPPCHPPPPCHCPCHC,-1,0.027445633999377606,greedy_fold
PPCHHPPCHPPPPCHCPCHC,-1,0.026911891998679494,greedy_fold
PPCHHPPCHPPPPCHCPCHC,-1,0.02375373700124328,greedy_fold
PPCHHPPCHPPPPCHCPCHC,-1,0.024378707999858307,greedy_fold
PPCHHPPCHPPPPCHCPCHC,-1,0.023229554999488755,greedy_fold
PPCHHPPCHPPPPCHCPCHC,-1,0.02451377000033972,greedy_fold
PPCHHPPCHPPPPCHCPCHC,-1,0.023572793999846908,greedy_fold
PPCHHPPCHPPPPCHCPCHC,-1,0.024698396999156103,greedy_fold
PPCHHPPCHPPPPCHCPCHC,-1,0.023843326000132947,greedy_fold
PPCHHPPCHPPPPCHCPCHC,-1,0.0245221440000023,greedy_fold
PPCHHPPCHPPPPCHCPCHC,-1,0.026259849000780378,greedy_fold
PPCHHPPCHPPPPCHCPCHC,-1,0.025406616001419025,greedy_fold
PPCHHPPCHPPPPCHCPCHC,-1,0.023440940998625592,greedy_fold
PPCHHPPCHPPPPCHCPCHC,-1,0.023805052998795873,greedy_fold
PPCHHPPCHPPPPCHCPCHC,-1,0.025729257000421057,greedy_fold
PPCHHPPCHPPPPCHCPCHC,-1,0.02295977900030266,greedy_fold
PPCHHPPCHPPPPCHCPCHC,-1,0.02747690800060809,greedy_fold
PPCHHPPCHPPPPCHCPCHC,-1,0.027386451998609118,greedy_fold
PPCHHPPCHPPPPCHCPCHC,-1,0.026534009999522823,greedy_fold
PPCHHPPCHPPPPCHCPCHC,-1,0.028840625998782343,greedy_fold
PPCHHPPCHPPPPCHCPCHC,-1,0.02590602000054787,greedy_fold
PPCHHPPCHPPPPCHCPCHC,-1,0.022411103000195,greedy_fold
PPCHHPPCHPPPPCHCPCHC,-1,0.02286923899919202,greedy_fold
PPCHHPPCHPPPPCHCPCHC,-1,0.023514586999226594,greedy_fold
PPCHHPPCHPPPPCHCPCHC,-1,0.023302143999899272,greedy_fold
PPCHHPPCHPPPPCHCPCHC,-1,0.024246990000392543,greedy_fold
PPCHHPPCHPPPPCHCPCHC,-1,0.02451600299900747,greedy_fold
PPCHHPPCHPPPPCHCPCHC,-1,0.026702302999183303,greedy_fold
PPCHHPPCHPPPPCHCPCHC,-1,0.025336058999528177,greedy_fold
PPCHHPPCHPPPPCHCPCHC,-1,0.024838506000378402,greedy_fold
PPCHHPPCHPPPPCHCPCHC,-1,0.025926254000296467,greedy_fold
PPCHHPPCHPPPPCHCPCHC,-1,0.02637980100007553,greedy_fold
PPCHHPPCHPPPPCHCPCHC,-1,0.02618296099899453,greedy_fold
PPCHHPPCHPPPPCHCPCHC,-1,0.02680035599951225,greedy_fold
PPCHHPPCHPPPPCHCPCHC,-1,0.026241822999509168,greedy_fold
PPCHHPPCHPPPPCHCPCHC,-1,0.02314531100091699,greedy_fold
PPCHHPPCHPPPPCHCPCHC,-1,0.023677989000134403,greedy_fold
PPCHHPPCHPPPPCHCPCHC,-1,0.02359438100029365,greedy_fold
PPCHHPPCHPPPPCHCPCHC,-1,0.023869959000876406,greedy_fold
PPCHHPPCHPPPPCHCPCHC,-1,0.040062494999801856,greedy_fold
PPCHHPPCHPPPPCHCPCHC,-1,0.036832474999755505,greedy_fold
PPCHHPPCHPPPPCHCPCHC,-1,0.026002945998698124,greedy_fold
PPCHHPPCHPPPPCHCPCHC,-1,0.02663972200025455,greedy_fold
PPCHHPPCHPPPPCHCPCHC,-1,0.026354714000262902,greedy_fold
PPCHHPPCHPPPPCHCPCHC,-1,0.028074470999854384,greedy_fold
PPCHHPPCHPPPPCHCPCHC,-1,0.02488406600059534,greedy_fold
PPCHHPPCHPPPPCHCPCHC,-1,0.02480929999910586,greedy_fold
PPCHHPPCHPPPPCHCPCHC,-1,0.030782840000028955,greedy_fold
PPCHHPPCHPPPPCHCPCHC,-1,0.026466367000466562,greedy_fold
PPCHHPPCHPPPPCHCPCHC,-1,0.02718083400031901,greedy_fold
PPCHHPPCHPPPPCHCPCHC,-1,0.02873273099976359,greedy_fold
PPCHHPPCHPPPPCHCPCHC,-1,0.02563097500024014,greedy_fold
PPCHHPPCHPPPPCHCPCHC,-1,0.026789445999384043,greedy_fold
PPCHHPPCHPPPPCHCPCHC,-1,0.02736514900061593,greedy_fold
PPCHHPPCHPPPPCHCPCHC,-1,0.028176613999676192,greedy_fold
PPCHHPPCHPPPPCHCPCHC,-1,0.024311952000061865,greedy_fold
PPCHHPPCHPPPPCHCPCHC,-1,0.02760678599952371,greedy_fold
PPCHHPPCHPPPPCHCPCHC,-1,0.026313432999813813,greedy_fold
PPCHHPPCHPPPPCHCPCHC,-1,0.02778803399996832,greedy_fold
PPCHHPPCHPPPPCHCPCHC,-1,0.02685509799994179,greedy_fold
PPCHHPPCHPPPPCHCPCHC,-1,0.025289612998676603,greedy_fold
PPCHHPPCHPPPPCHCPCHC,-1,0.02540120699995896,greedy_fold
PPCHHPPCHPPPPCHCPCHC,-1,0.02424897799937753,greedy_fold
PPCHHPPCHPPPPCHCPCHC,-1,0.02713260100063053,greedy_fold
PPCHHPPCHPPPPCHCPCHC,-1,0.02726764300132345,greedy_fold
PPCHHPPCHPPPPCHCPCHC,-1,0.02666035199945327,greedy_fold
PPCHHPPCHPPPPCHCPCHC,-1,0.02543434499966679,greedy_fold
PPCHHPPCHPPPPCHCPCHC,-1,0.023143689999415074,greedy_fold
PPCHHPPCHPPPPCHCPCHC,-1,0.024646313999255653,greedy_fold
PPCHHPPCHPPPPCHCPCHC,-1,0.024225366998507525,greedy_fold
PPCHHPPCHPPPPCHCPCHC,-1,0.023371784000119078,greedy_fold
PPCHHPPCHPPPPCHCPCHC,-1,0.025699444999190746,greedy_fold
PPCHHPPCHPPPPCHCPCHC,-1,0.026113439000255312,greedy_fold
PPCHHPPCHPPPPCHCPCHC,-1,0.026055799000459956,greedy_fold
PPCHHPPCHPPPPCHCPCHC,-1,0.026351036998676136,greedy_fold
PPCHHPPCHPPPPCHCPCHC,-1,0.025931735999620287,greedy_fold
PPCHHPPCHPPPPCHCPCHC,-1,0.02474170100140327,greedy_fold
PPCHHPPCHPPPPCHCPCHC,-1,0.022721647001162637,greedy_fold
PPCHHPPCHPPPPCHCPCHC,-1,0.02449065399923711,greedy_fold
PPCHHPPCHPPPPCHCPCHC,-1,0.02373716100009915,greedy_fold
PPCHHPPCHPPPPCHCPCHC,-1,0.02363119599976926,greedy_fold
PPCHHPPCHPPPPCHCPCHC,-1,0.0249333289993956,greedy_fold
PPCHHPPCHPPPPCHCPCHC,-1,0.025745754999661585,greedy_fold
PPCHHPPCHPPPPCHCPCHC,-1,0.027685061999363825,greedy_fold
PPCHHPPCHPPPPCHCPCHC,-1,0.028722433000439196,greedy_fold
PPCHHPPCHPPPPCHCPCHC,-1,0.02665132000038284,greedy_fold
PPCHHPPCHPPPPCHCPCHC,-1,0.027421501999924658,greedy_fold
PPCHHPPCHPPPPCHCPCHC,-1,0.02747051900041697,greedy_fold
PPCHHPPCHPPPPCHCPCHC,-1,0.02266411100026744,greedy_fold
PPCHHPPCHPPPPCHCPCHC,-1,0.024315644999660435,greedy_fold
PPCHHPPCHPPPPCHCPCHC,-1,0.024198262000936666,greedy_fold
PPCHHPPCHPPPPCHCPCHC,-1,0.025145674999293988,greedy_fold
PPCHHPPCHPPPPCHCPCHC,-1,0.025619955998990918,greedy_fold
PPCHHPPCHPPPPCHCPCHC,-1,0.02589969800101244,greedy_fold
PPCHHPPCHPPPPCHCPCHC,-1,0.026688457999625825,greedy_fold
PPCHHPPCHPPPPCHCPCHC,-1,0.02707400500003132,greedy_fold
