Protein,Stability,Time,Algorithm
PPCHHPPCHPPPPCHHHHCHHPPHHPPPPHHPPHPP,-16,21.51156011602143,SimulatedAnnealing
PPCHHPPCHPPPPCHHHHCHHPPHHPPPPHHPPHPP,-17,19.600005203974433,SimulatedAnnealing
PPCHHPPCHPPPPCHHHHCHHPPHHPPPPHHPPHPP,-25,20.53372919402318,SimulatedAnnealing
PPCHHPPCHPPPPCHHHHCHHPPHHPPPPHHPPHPP,-20,19.599392033996992,SimulatedAnnealing
PPCHHPPCHPPPPCHHHHCHHPPHHPPPPHHPPHPP,-24,20.572877127036918,SimulatedAnnealing
PPCHHPPCHPPPPCHHHHCHHPPHHPPPPHHPPHPP,-21,20.049328054999933,SimulatedAnnealing
PPCHHPPCHPPPPCHHHHCHHPPHHPPPPHHPPHPP,-19,19.174313629977405,SimulatedAnnealing
PPCHHPPCHPPPPCHHHHCHHPPHHPPPPHHPPHPP,-31,20.178196710010525,SimulatedAnnealing
PPCHHPPCHPPPPCHHHHCHHPPHHPPPPHHPPHPP,-13,21.86585520603694,SimulatedAnnealing
PPCHHPPCHPPPPCHHHHCHHPPHHPPPPHHPPHPP,-21,19.228370880009606,SimulatedAnnealing
PPCHHPPCHPPPPCHHHHCHHPPHHPPPPHHPPHPP,-19,19.77427025901852,SimulatedAnnealing
PPCHHPPCHPPPPCHHHHCHHPPHHPPPPHHPPHPP,-13,22.051945248967968,SimulatedAnnealing
PPCHHPPCHPPPPCHHHHCHHPPHHPPPPHHPPHPP,-20,20.021781596995424,SimulatedAnnealing
PPCHHPPCHPPPPCHHHHCHHPPHHPPPPHHPPHPP,-22,20.093452458968386,SimulatedAnnealing
PPCHHPPCHPPPPCHHHHCHHPPHHPPPPHHPPHPP,-22,20.696052305982448,SimulatedAnnealing
